============================================================
  Remote Control v39.39.13 started at 2026-05-25 18:20:27 UTC
============================================================
[18:20:27] Downloading latest profile cache from repo...
[18:20:28] Newest cache folder: 20260522_215147
[18:20:30]   Downloaded profile.dat.part0000 (20000000 bytes)
[18:20:32]   Downloaded profile.dat.part0001 (20000000 bytes)
[18:20:32]   Downloaded profile.dat.part0002 (5826744 bytes)
[18:20:32] Profile cache download finished – 3 files.
[18:20:44] Virtual display started.
[18:20:50] Stealth JS injected.
[18:20:50] CDP download behavior set to allow (silent).
[18:20:50] CDP unavailable (cannot import name 'devtools' from 'selenium.webdriver.common.devtools' (unknown location)) – using send_keys fallback.
[18:20:50] Browser launched.
[18:20:50] CDP tab monitor started (raw HTTP polling).
[18:20:50] Download folder watcher started.
[18:20:50] STEP 1: Loading start URL...
[18:20:50] New autonomous report: AUT-1-1779733250 -> Files: (empty)
[18:20:54] STEP 2: Start URL loaded – sleeping 5s
[18:20:59] Detecting actual viewport size...
[18:20:59] Probing clickable bounds...
[18:20:59] Rough guess: 1918x991
[18:20:59] Cursor moved to (1913, 1)
[18:21:00] Cursor moved to (1914, 1)
[18:21:00] Cursor moved to (1915, 1)
[18:21:00] Cursor moved to (1916, 1)
[18:21:00] Cursor moved to (1917, 1)
[18:21:01] Cursor moved to (1917, 1)
[18:21:01] Max clickable X (incrementing) = 1917
[18:21:01] Cursor moved to (1, 986)
[18:21:01] Cursor moved to (1, 987)
[18:21:01] Cursor moved to (1, 988)
[18:21:02] Cursor moved to (1, 989)
[18:21:02] Cursor moved to (1, 990)
[18:21:02] Cursor moved to (1, 990)
[18:21:02] Max clickable Y (incrementing) = 990
[18:21:02] Final clickable bounds: 1917x990
[18:21:02] New autonomous report: AUT-2-1779733262 -> viewsize:1917x990
[18:21:02] Cursor moved to (958, 495)
[18:21:02] Clickable dimensions set to 1917x990
[18:21:03] Cursor moved to (958, 495)
[18:21:03] STEP 3: Scrolling to top
[18:21:03] STEP 4: Taking first screenshot
[18:21:03] STEP 5: First screenshot saved – pushing logs
[18:21:03] STEP 6: refresh_known_handles()
[18:21:03] New autonomous report: AUT-3-1779733263 -> New tab/window handle: B4BEF66113934C33E448D225C3E7F8F1
[18:21:03] New autonomous report: AUT-4-1779733263 -> Tabs: 1: Channel dashboard - YouTube Studio
[18:21:03] STEP 7: Set last known URL
[18:21:03] STEP 8: Start URL monitor
[18:21:03] STEP 9: URL monitor started
[18:21:04] Blanking old App Commands comment...
[18:21:04] Emptying old response comment 4462185082...
[18:21:04] Screenshot worker started.
[18:21:04] Fetcher loop started.
[18:21:04] Execution loop started (light, timeout=15s).
[18:21:04] Sender loop started.
[18:21:04] Heavy execution loop started (timeout=300s).
[18:21:06] Fetcher detected new App Commands comment.
[18:21:06] Enqueued for execution: APP-58486-20260525181847
[18:21:06] Execution loop: processing APP-58486-20260525181847: tabs
[18:21:06] Enqueued for execution: APP-58487-20260525181847
[18:21:06] Acknowledged autonomous report AUT-49-1779727097
[18:21:06] New autonomous report: AUT-5-1779733266 -> Tabs: 1: Channel dashboard - YouTube Studio
[18:21:06] Executed APP-58486-20260525181847 -> Tabs: 1: Channel dashboard - YouTube Studio
[18:21:06] Execution loop: processing APP-58487-20260525181847: dir
[18:21:06] Executed APP-58487-20260525181847 -> Files: (empty)
[18:21:06] Taking screenshot: screenshots/0001_1779733266885382_auto.png
[18:21:06] Sender using response comment: 4462185082
[18:21:07] Uploading screenshot synchronously: screenshots/0001_1779733266885382_auto.png
[18:21:09] Screenshot screenshots/0001_1779733266885382_auto.png uploaded successfully.
[18:21:11] Taking screenshot: screenshots/0002_1779733271885522_auto.png
[18:21:12] Uploading screenshot synchronously: screenshots/0002_1779733271885522_auto.png
[18:21:12] Sender published response comment.
[18:21:14] Screenshot screenshots/0002_1779733271885522_auto.png uploaded successfully.
[18:21:16] Taking screenshot: screenshots/0003_1779733276885646_auto.png
[18:21:17] Uploading screenshot synchronously: screenshots/0003_1779733276885646_auto.png
[18:21:17] Fetcher detected new App Commands comment.
[18:21:17] Acknowledged autonomous report AUT-49-1779727097
[18:21:17] Acknowledged autonomous report AUT-5-1779733266
[18:21:17] Acknowledged autonomous report AUT-4-1779733263
[18:21:17] Acknowledged autonomous report AUT-3-1779733263
[18:21:17] Acknowledged autonomous report AUT-2-1779733262
[18:21:17] Acknowledged autonomous report AUT-1-1779733250
[18:21:19] Screenshot screenshots/0003_1779733276885646_auto.png uploaded successfully.
[18:21:20] Agent alive
[18:21:20] New autonomous report: AUT-6-1779733280 -> Available memory: 14307 MB
[18:21:21] Taking screenshot: screenshots/0004_1779733281885753_auto.png
[18:21:22] Uploading screenshot synchronously: screenshots/0004_1779733281885753_auto.png
[18:21:23] Sender published response comment.
[18:21:26] Screenshot screenshots/0004_1779733281885753_auto.png uploaded successfully.
[18:21:26] Taking screenshot: screenshots/0005_1779733286885844_auto.png
[18:21:27] Uploading screenshot synchronously: screenshots/0005_1779733286885844_auto.png
[18:21:28] Fetcher detected new App Commands comment.
[18:21:28] Acknowledged autonomous report AUT-49-1779727097
[18:21:28] Acknowledged autonomous report AUT-5-1779733266
[18:21:28] Acknowledged autonomous report AUT-4-1779733263
[18:21:28] Acknowledged autonomous report AUT-3-1779733263
[18:21:28] Acknowledged autonomous report AUT-2-1779733262
[18:21:28] Acknowledged autonomous report AUT-1-1779733250
[18:21:28] Acknowledged autonomous report AUT-6-1779733280
[18:21:28] Sender published response comment.
[18:21:29] Screenshot screenshots/0005_1779733286885844_auto.png uploaded successfully.
[18:21:31] Taking screenshot: screenshots/0006_1779733291885966_auto.png
[18:21:32] Uploading screenshot synchronously: screenshots/0006_1779733291885966_auto.png
[18:21:34] Screenshot screenshots/0006_1779733291885966_auto.png uploaded successfully.
[18:21:36] Taking screenshot: screenshots/0007_1779733296886053_auto.png
[18:21:37] Uploading screenshot synchronously: screenshots/0007_1779733296886053_auto.png
[18:21:37] gh api failed: Delete screenshots/0001_1779733266885382_auto.png (attempt 1/20): gh: Not Found (HTTP 404)
[18:21:38] gh api failed: Delete screenshots/0001_1779733266885382_auto.png (attempt 2/20): gh: Not Found (HTTP 404)
[18:21:40] gh api failed: Delete screenshots/0001_1779733266885382_auto.png (attempt 3/20): gh: Not Found (HTTP 404)
[18:21:41] gh api failed: Delete screenshots/0001_1779733266885382_auto.png (attempt 4/20): gh: Not Found (HTTP 404)
[18:21:43] gh api failed: Delete screenshots/0001_1779733266885382_auto.png (attempt 5/20): gh: Not Found (HTTP 404)
[18:21:44] gh api failed: Delete screenshots/0001_1779733266885382_auto.png (attempt 6/20): gh: Not Found (HTTP 404)
[18:21:46] gh api failed: Delete screenshots/0001_1779733266885382_auto.png (attempt 7/20): gh: Not Found (HTTP 404)
[18:21:47] gh api failed: Delete screenshots/0001_1779733266885382_auto.png (attempt 8/20): gh: Not Found (HTTP 404)
[18:21:48] gh api failed: Delete screenshots/0001_1779733266885382_auto.png (attempt 9/20): gh: Not Found (HTTP 404)
[18:21:50] gh api failed: Delete screenshots/0001_1779733266885382_auto.png (attempt 10/20): gh: Not Found (HTTP 404)
[18:21:50] Agent alive
[18:21:51] gh api failed: Delete screenshots/0001_1779733266885382_auto.png (attempt 11/20): gh: Not Found (HTTP 404)
[18:21:52] gh api failed: Delete screenshots/0001_1779733266885382_auto.png (attempt 12/20): gh: Not Found (HTTP 404)
[18:21:54] gh api failed: Delete screenshots/0001_1779733266885382_auto.png (attempt 13/20): gh: Not Found (HTTP 404)
[18:21:55] gh api failed: Delete screenshots/0001_1779733266885382_auto.png (attempt 14/20): gh: Not Found (HTTP 404)
[18:21:56] gh api failed: Delete screenshots/0001_1779733266885382_auto.png (attempt 15/20): gh: Not Found (HTTP 404)
[18:21:58] gh api failed: Delete screenshots/0001_1779733266885382_auto.png (attempt 16/20): gh: Not Found (HTTP 404)
[18:21:59] gh api failed: Delete screenshots/0001_1779733266885382_auto.png (attempt 17/20): gh: Not Found (HTTP 404)
[18:22:00] gh api failed: Delete screenshots/0001_1779733266885382_auto.png (attempt 18/20): gh: Not Found (HTTP 404)
[18:22:02] gh api failed: Delete screenshots/0001_1779733266885382_auto.png (attempt 19/20): gh: Not Found (HTTP 404)
[18:22:03] gh api failed: Delete screenshots/0001_1779733266885382_auto.png (attempt 20/20): gh: Not Found (HTTP 404)
[18:22:05] Screenshot screenshots/0007_1779733296886053_auto.png uploaded successfully.
[18:22:05] Taking screenshot: screenshots/0008_1779733325767509_auto.png
[18:22:06] Uploading screenshot synchronously: screenshots/0008_1779733325767509_auto.png
[18:22:09] Screenshot screenshots/0008_1779733325767509_auto.png uploaded successfully.
[18:22:10] Taking screenshot: screenshots/0009_1779733330767644_auto.png
[18:22:11] Uploading screenshot synchronously: screenshots/0009_1779733330767644_auto.png
[18:22:11] gh api failed: Upload logs/command_mouse_keyboard.log (8896 bytes) (attempt 1/20): gh: is at e09b4f50e28a2b9cf8d481c8168bc05ae4b6aa24 but expected 83f4fff10efb20c8f4affe779d71c5cf945d475a (HTTP 409)
[18:22:16] Screenshot screenshots/0009_1779733330767644_auto.png uploaded successfully.
[18:22:16] Taking screenshot: screenshots/0010_1779733336121917_auto.png
[18:22:16] Uploading screenshot synchronously: screenshots/0010_1779733336121917_auto.png
[18:22:19] gh api failed: Upload screenshots/0010_1779733336121917_auto.png (352468 bytes) (attempt 1/20): gh: is at 986b52d469050316157edd3ca22539c0dba3058b but expected df46cf9d322fd57d03ef985d224d82d536130a5d (HTTP 409)
[18:22:20] Agent alive
[18:22:22] Screenshot screenshots/0010_1779733336121917_auto.png uploaded successfully.
[18:22:22] Taking screenshot: screenshots/0011_1779733342894968_auto.png
[18:22:23] gh api failed: Delete screenshots/0003_1779733276885646_auto.png (attempt 1/20): gh: Not Found (HTTP 404)
[18:22:23] Uploading screenshot synchronously: screenshots/0011_1779733342894968_auto.png
[18:22:24] gh api failed: Delete screenshots/0003_1779733276885646_auto.png (attempt 2/20): gh: Not Found (HTTP 404)
[18:22:26] gh api failed: Delete screenshots/0003_1779733276885646_auto.png (attempt 3/20): gh: Not Found (HTTP 404)
[18:22:27] gh api failed: Delete screenshots/0003_1779733276885646_auto.png (attempt 4/20): gh: Not Found (HTTP 404)
[18:22:28] gh api failed: Delete screenshots/0003_1779733276885646_auto.png (attempt 5/20): gh: Not Found (HTTP 404)
[18:22:30] gh api failed: Delete screenshots/0003_1779733276885646_auto.png (attempt 6/20): gh: Not Found (HTTP 404)
[18:22:31] gh api failed: Delete screenshots/0003_1779733276885646_auto.png (attempt 7/20): gh: Not Found (HTTP 404)
[18:22:32] gh api failed: Delete screenshots/0003_1779733276885646_auto.png (attempt 8/20): gh: Not Found (HTTP 404)
[18:22:34] Fetcher detected new App Commands comment.
[18:22:34] Acknowledged autonomous report AUT-49-1779727097
[18:22:34] Acknowledged autonomous report AUT-5-1779733266
[18:22:34] Acknowledged autonomous report AUT-4-1779733263
[18:22:34] Acknowledged autonomous report AUT-3-1779733263
[18:22:34] Acknowledged autonomous report AUT-2-1779733262
[18:22:34] Acknowledged autonomous report AUT-1-1779733250
[18:22:34] Acknowledged autonomous report AUT-6-1779733280
[18:22:34] Execution loop: processing APP-58495-20260525182047: tabs
[18:22:34] Enqueued for execution: APP-58495-20260525182047
[18:22:34] Enqueued for execution: APP-58496-20260525182047
[18:22:34] New autonomous report: AUT-7-1779733354 -> Tabs: 1: Channel dashboard - YouTube Studio
[18:22:34] Executed APP-58495-20260525182047 -> Tabs: 1: Channel dashboard - YouTube Studio
[18:22:34] Execution loop: processing APP-58496-20260525182047: dir
[18:22:34] Executed APP-58496-20260525182047 -> Files: (empty)
[18:22:34] gh api failed: Delete screenshots/0003_1779733276885646_auto.png (attempt 9/20): gh: Not Found (HTTP 404)
[18:22:35] gh api failed: Delete screenshots/0003_1779733276885646_auto.png (attempt 10/20): gh: Not Found (HTTP 404)
[18:22:37] gh api failed: Delete screenshots/0003_1779733276885646_auto.png (attempt 11/20): gh: Not Found (HTTP 404)
[18:22:38] gh api failed: Delete screenshots/0003_1779733276885646_auto.png (attempt 12/20): gh: Not Found (HTTP 404)
[18:22:39] Sender published response comment.
[18:22:39] gh api failed: Delete screenshots/0003_1779733276885646_auto.png (attempt 13/20): gh: Not Found (HTTP 404)
[18:22:40] Fetcher detected new App Commands comment.
[18:22:40] Acknowledged autonomous report AUT-5-1779733266
[18:22:40] Acknowledged autonomous report AUT-4-1779733263
[18:22:40] Acknowledged autonomous report AUT-3-1779733263
[18:22:40] Acknowledged autonomous report AUT-2-1779733262
[18:22:40] Acknowledged autonomous report AUT-1-1779733250
[18:22:40] Acknowledged autonomous report AUT-6-1779733280
[18:22:40] Re‑enqueued existing report for APP-58495-20260525182047
[18:22:40] Re‑enqueued existing report for APP-58496-20260525182047
[18:22:41] gh api failed: Delete screenshots/0003_1779733276885646_auto.png (attempt 14/20): gh: Not Found (HTTP 404)
[18:22:42] gh api failed: Delete screenshots/0003_1779733276885646_auto.png (attempt 15/20): gh: Not Found (HTTP 404)
[18:22:43] gh api failed: Delete screenshots/0003_1779733276885646_auto.png (attempt 16/20): gh: Not Found (HTTP 404)
[18:22:44] Sender published response comment.
[18:22:45] gh api failed: Delete screenshots/0003_1779733276885646_auto.png (attempt 17/20): gh: Not Found (HTTP 404)
[18:22:45] Fetcher detected new App Commands comment.
[18:22:45] Acknowledged autonomous report AUT-5-1779733266
[18:22:45] Acknowledged autonomous report AUT-4-1779733263
[18:22:45] Acknowledged autonomous report AUT-3-1779733263
[18:22:45] Acknowledged autonomous report AUT-2-1779733262
[18:22:45] Acknowledged autonomous report AUT-1-1779733250
[18:22:45] Acknowledged autonomous report AUT-6-1779733280
[18:22:45] Acknowledged autonomous report AUT-7-1779733354
[18:22:46] gh api failed: Delete screenshots/0003_1779733276885646_auto.png (attempt 18/20): gh: Not Found (HTTP 404)
[18:22:48] gh api failed: Delete screenshots/0003_1779733276885646_auto.png (attempt 19/20): gh: Not Found (HTTP 404)
[18:22:49] gh api failed: Delete screenshots/0003_1779733276885646_auto.png (attempt 20/20): gh: Not Found (HTTP 404)
[18:22:49] gh api failed: Delete screenshots/0004_1779733281885753_auto.png (attempt 1/20): gh: Not Found (HTTP 404)
[18:22:50] Agent alive
[18:22:50] gh api failed: Delete screenshots/0004_1779733281885753_auto.png (attempt 2/20): gh: Not Found (HTTP 404)
[18:22:52] gh api failed: Delete screenshots/0004_1779733281885753_auto.png (attempt 3/20): gh: Not Found (HTTP 404)
[18:22:53] gh api failed: Delete screenshots/0004_1779733281885753_auto.png (attempt 4/20): gh: Not Found (HTTP 404)
[18:22:55] gh api failed: Delete screenshots/0004_1779733281885753_auto.png (attempt 5/20): gh: Not Found (HTTP 404)
[18:22:56] gh api failed: Delete screenshots/0004_1779733281885753_auto.png (attempt 6/20): gh: Not Found (HTTP 404)
[18:22:57] gh api failed: Delete screenshots/0004_1779733281885753_auto.png (attempt 7/20): gh: Not Found (HTTP 404)
[18:22:59] gh api failed: Delete screenshots/0004_1779733281885753_auto.png (attempt 8/20): gh: Not Found (HTTP 404)
[18:23:00] gh api failed: Delete screenshots/0004_1779733281885753_auto.png (attempt 9/20): gh: Not Found (HTTP 404)
[18:23:01] gh api failed: Delete screenshots/0004_1779733281885753_auto.png (attempt 10/20): gh: Not Found (HTTP 404)
[18:23:03] gh api failed: Delete screenshots/0004_1779733281885753_auto.png (attempt 11/20): gh: Not Found (HTTP 404)
[18:23:04] gh api failed: Delete screenshots/0004_1779733281885753_auto.png (attempt 12/20): gh: Not Found (HTTP 404)
[18:23:05] gh api failed: Delete screenshots/0004_1779733281885753_auto.png (attempt 13/20): gh: Not Found (HTTP 404)
[18:23:07] gh api failed: Delete screenshots/0004_1779733281885753_auto.png (attempt 14/20): gh: Not Found (HTTP 404)
[18:23:08] gh api failed: Delete screenshots/0004_1779733281885753_auto.png (attempt 15/20): gh: Not Found (HTTP 404)
[18:23:09] gh api failed: Delete screenshots/0004_1779733281885753_auto.png (attempt 16/20): gh: Not Found (HTTP 404)
[18:23:11] gh api failed: Delete screenshots/0004_1779733281885753_auto.png (attempt 17/20): gh: Not Found (HTTP 404)
[18:23:12] gh api failed: Delete screenshots/0004_1779733281885753_auto.png (attempt 18/20): gh: Not Found (HTTP 404)
[18:23:14] gh api failed: Delete screenshots/0004_1779733281885753_auto.png (attempt 19/20): gh: Not Found (HTTP 404)
[18:23:15] gh api failed: Delete screenshots/0004_1779733281885753_auto.png (attempt 20/20): gh: Not Found (HTTP 404)
[18:23:17] Screenshot screenshots/0011_1779733342894968_auto.png uploaded successfully.
[18:23:17] Taking screenshot: screenshots/0012_1779733397860650_auto.png
[18:23:18] Uploading screenshot synchronously: screenshots/0012_1779733397860650_auto.png
[18:23:18] Fetcher detected new App Commands comment.
[18:23:18] Acknowledged autonomous report AUT-6-1779733280
[18:23:18] Acknowledged autonomous report AUT-7-1779733354
[18:23:20] Agent alive
[18:23:20] New autonomous report: AUT-8-1779733400 -> Available memory: 14395 MB
[18:23:21] Screenshot screenshots/0012_1779733397860650_auto.png uploaded successfully.
[18:23:22] Taking screenshot: screenshots/0013_1779733402860777_auto.png
[18:23:23] Uploading screenshot synchronously: screenshots/0013_1779733402860777_auto.png
[18:23:25] Sender published response comment.
[18:23:27] Screenshot screenshots/0013_1779733402860777_auto.png uploaded successfully.
[18:23:27] gh api failed: Delete screenshots/0007_1779733296886053_auto.png (attempt 1/20): gh: Not Found (HTTP 404)
[18:23:27] Taking screenshot: screenshots/0014_1779733407860936_auto.png
[18:23:28] Uploading screenshot synchronously: screenshots/0014_1779733407860936_auto.png
[18:23:29] gh api failed: Delete screenshots/0007_1779733296886053_auto.png (attempt 2/20): gh: Not Found (HTTP 404)
[18:23:29] Fetcher detected new App Commands comment.
[18:23:29] Acknowledged autonomous report AUT-7-1779733354
[18:23:30] gh api failed: Delete screenshots/0007_1779733296886053_auto.png (attempt 3/20): gh: Not Found (HTTP 404)
[18:23:31] Sender published response comment.
[18:23:31] gh api failed: Delete screenshots/0007_1779733296886053_auto.png (attempt 4/20): gh: Not Found (HTTP 404)
[18:23:33] gh api failed: Delete screenshots/0007_1779733296886053_auto.png (attempt 5/20): gh: Not Found (HTTP 404)
[18:23:34] gh api failed: Delete screenshots/0007_1779733296886053_auto.png (attempt 6/20): gh: Not Found (HTTP 404)
[18:23:34] Fetcher detected new App Commands comment.
[18:23:34] Acknowledged autonomous report AUT-7-1779733354
[18:23:34] Acknowledged autonomous report AUT-8-1779733400
[18:23:35] gh api failed: Delete screenshots/0007_1779733296886053_auto.png (attempt 7/20): gh: Not Found (HTTP 404)
[18:23:37] gh api failed: Delete screenshots/0007_1779733296886053_auto.png (attempt 8/20): gh: Not Found (HTTP 404)
[18:23:38] gh api failed: Delete screenshots/0007_1779733296886053_auto.png (attempt 9/20): gh: Not Found (HTTP 404)
[18:23:39] gh api failed: Delete screenshots/0007_1779733296886053_auto.png (attempt 10/20): gh: Not Found (HTTP 404)
[18:23:41] gh api failed: Delete screenshots/0007_1779733296886053_auto.png (attempt 11/20): gh: Not Found (HTTP 404)
[18:23:42] gh api failed: Delete screenshots/0007_1779733296886053_auto.png (attempt 12/20): gh: Not Found (HTTP 404)
[18:23:43] gh api failed: Delete screenshots/0007_1779733296886053_auto.png (attempt 13/20): gh: Not Found (HTTP 404)
[18:23:45] gh api failed: Delete screenshots/0007_1779733296886053_auto.png (attempt 14/20): gh: Not Found (HTTP 404)
[18:23:46] gh api failed: Delete screenshots/0007_1779733296886053_auto.png (attempt 15/20): gh: Not Found (HTTP 404)
[18:23:48] gh api failed: Delete screenshots/0007_1779733296886053_auto.png (attempt 16/20): gh: Not Found (HTTP 404)
[18:23:49] gh api failed: Delete screenshots/0007_1779733296886053_auto.png (attempt 17/20): gh: Not Found (HTTP 404)
[18:23:50] gh api failed: Delete screenshots/0007_1779733296886053_auto.png (attempt 18/20): gh: Not Found (HTTP 404)
[18:23:50] Agent alive
[18:23:52] gh api failed: Delete screenshots/0007_1779733296886053_auto.png (attempt 19/20): gh: Not Found (HTTP 404)
[18:23:53] gh api failed: Delete screenshots/0007_1779733296886053_auto.png (attempt 20/20): gh: Not Found (HTTP 404)
[18:23:55] Screenshot screenshots/0014_1779733407860936_auto.png uploaded successfully.
[18:23:55] Taking screenshot: screenshots/0015_1779733435311856_auto.png
[18:23:55] Uploading screenshot synchronously: screenshots/0015_1779733435311856_auto.png
[18:23:59] Screenshot screenshots/0015_1779733435311856_auto.png uploaded successfully.
[18:24:00] Taking screenshot: screenshots/0016_1779733440311985_auto.png
[18:24:00] Uploading screenshot synchronously: screenshots/0016_1779733440311985_auto.png
[18:24:01] gh api failed: Upload logs/command_mouse_keyboard.log (20946 bytes) (attempt 1/20): gh: is at 891ab558a7acff089482deaf65fbffa9d528fc14 but expected 0bfcb746faab23431b36bb9b7cf1782194fea9e0 (HTTP 409)
[18:24:05] Screenshot screenshots/0016_1779733440311985_auto.png uploaded successfully.
[18:24:05] Taking screenshot: screenshots/0017_1779733445705162_auto.png
[18:24:06] Uploading screenshot synchronously: screenshots/0017_1779733445705162_auto.png
[18:24:09] gh api failed: Upload screenshots/0017_1779733445705162_auto.png (352468 bytes) (attempt 1/20): gh: is at 9bc5be209a10ba28ce8ee46ebc0082647136cd8a but expected 5ddeb9975e5785ab9887540deb5d95fcf3ea60c6 (HTTP 409)
[18:24:12] Screenshot screenshots/0017_1779733445705162_auto.png uploaded successfully.
[18:24:12] Taking screenshot: screenshots/0018_1779733452363705_auto.png
[18:24:12] gh api failed: Delete screenshots/0011_1779733342894968_auto.png (attempt 1/20): gh: Not Found (HTTP 404)
[18:24:12] Uploading screenshot synchronously: screenshots/0018_1779733452363705_auto.png
[18:24:14] gh api failed: Delete screenshots/0011_1779733342894968_auto.png (attempt 2/20): gh: Not Found (HTTP 404)
[18:24:15] gh api failed: Delete screenshots/0011_1779733342894968_auto.png (attempt 3/20): gh: Not Found (HTTP 404)
[18:24:16] gh api failed: Delete screenshots/0011_1779733342894968_auto.png (attempt 4/20): gh: Not Found (HTTP 404)
[18:24:18] gh api failed: Delete screenshots/0011_1779733342894968_auto.png (attempt 5/20): gh: Not Found (HTTP 404)
[18:24:19] gh api failed: Delete screenshots/0011_1779733342894968_auto.png (attempt 6/20): gh: Not Found (HTTP 404)
[18:24:20] Agent alive
[18:24:21] gh api failed: Delete screenshots/0011_1779733342894968_auto.png (attempt 7/20): gh: Not Found (HTTP 404)
[18:24:22] gh api failed: Delete screenshots/0011_1779733342894968_auto.png (attempt 8/20): gh: Not Found (HTTP 404)
[18:24:23] gh api failed: Delete screenshots/0011_1779733342894968_auto.png (attempt 9/20): gh: Not Found (HTTP 404)
[18:24:25] gh api failed: Delete screenshots/0011_1779733342894968_auto.png (attempt 10/20): gh: Not Found (HTTP 404)
[18:24:26] gh api failed: Delete screenshots/0011_1779733342894968_auto.png (attempt 11/20): gh: Not Found (HTTP 404)
[18:24:28] gh api failed: Delete screenshots/0011_1779733342894968_auto.png (attempt 12/20): gh: Not Found (HTTP 404)
[18:24:29] gh api failed: Delete screenshots/0011_1779733342894968_auto.png (attempt 13/20): gh: Not Found (HTTP 404)
[18:24:30] gh api failed: Delete screenshots/0011_1779733342894968_auto.png (attempt 14/20): gh: Not Found (HTTP 404)
[18:24:32] gh api failed: Delete screenshots/0011_1779733342894968_auto.png (attempt 15/20): gh: Not Found (HTTP 404)
[18:24:33] gh api failed: Delete screenshots/0011_1779733342894968_auto.png (attempt 16/20): gh: Not Found (HTTP 404)
[18:24:34] gh api failed: Delete screenshots/0011_1779733342894968_auto.png (attempt 17/20): gh: Not Found (HTTP 404)
[18:24:35] Fetcher detected new App Commands comment.
[18:24:35] Acknowledged autonomous report AUT-7-1779733354
[18:24:35] Acknowledged autonomous report AUT-8-1779733400
[18:24:35] Execution loop: processing APP-58499-20260525182247: tabs
[18:24:35] Enqueued for execution: APP-58499-20260525182247
[18:24:35] Enqueued for execution: APP-58500-20260525182247
[18:24:35] New autonomous report: AUT-9-1779733475 -> Tabs: 1: Channel dashboard - YouTube Studio
[18:24:35] Executed APP-58499-20260525182247 -> Tabs: 1: Channel dashboard - YouTube Studio
[18:24:35] Execution loop: processing APP-58500-20260525182247: dir
[18:24:35] Executed APP-58500-20260525182247 -> Files: (empty)
[18:24:36] gh api failed: Delete screenshots/0011_1779733342894968_auto.png (attempt 18/20): gh: Not Found (HTTP 404)
[18:24:36] Sender published response comment.
[18:24:37] gh api failed: Delete screenshots/0011_1779733342894968_auto.png (attempt 19/20): gh: Not Found (HTTP 404)
[18:24:38] gh api failed: Delete screenshots/0011_1779733342894968_auto.png (attempt 20/20): gh: Not Found (HTTP 404)
[18:24:41] Screenshot screenshots/0018_1779733452363705_auto.png uploaded successfully.
[18:24:41] Taking screenshot: screenshots/0019_1779733481136898_auto.png
[18:24:41] Uploading screenshot synchronously: screenshots/0019_1779733481136898_auto.png
[18:24:42] Sender published response comment.
[18:24:45] Screenshot screenshots/0019_1779733481136898_auto.png uploaded successfully.
[18:24:46] Taking screenshot: screenshots/0020_1779733486137102_auto.png
[18:24:46] Fetcher detected new App Commands comment.
[18:24:46] Acknowledged autonomous report AUT-7-1779733354
[18:24:46] Acknowledged autonomous report AUT-8-1779733400
[18:24:46] Acknowledged autonomous report AUT-9-1779733475
[18:24:46] Uploading screenshot synchronously: screenshots/0020_1779733486137102_auto.png
[18:24:49] Screenshot screenshots/0020_1779733486137102_auto.png uploaded successfully.
[18:24:50] Agent alive
[18:24:51] Taking screenshot: screenshots/0021_1779733491137231_auto.png
[18:24:51] Uploading screenshot synchronously: screenshots/0021_1779733491137231_auto.png
[18:24:51] Fetcher detected new App Commands comment.
[18:24:51] Acknowledged autonomous report AUT-8-1779733400
[18:24:51] Acknowledged autonomous report AUT-9-1779733475
[18:24:53] Screenshot screenshots/0021_1779733491137231_auto.png uploaded successfully.
[18:24:54] gh api failed: Delete screenshots/0014_1779733407860936_auto.png (attempt 1/20): gh: is at df7be3af65d2a0f400b9c21e0973726b9ac4f3fa but expected 886b22cc69b6f58a8f59ee001e370754fb960ab2 (HTTP 409)
[18:24:56] gh api failed: Delete screenshots/0014_1779733407860936_auto.png (attempt 2/20): gh: Not Found (HTTP 404)
[18:24:56] Taking screenshot: screenshots/0022_1779733496137340_auto.png
[18:24:56] Uploading screenshot synchronously: screenshots/0022_1779733496137340_auto.png
[18:24:57] gh api failed: Delete screenshots/0014_1779733407860936_auto.png (attempt 3/20): gh: Not Found (HTTP 404)
[18:24:58] gh api failed: Delete screenshots/0014_1779733407860936_auto.png (attempt 4/20): gh: Not Found (HTTP 404)
[18:25:00] gh api failed: Delete screenshots/0014_1779733407860936_auto.png (attempt 5/20): gh: Not Found (HTTP 404)
[18:25:01] gh api failed: Delete screenshots/0014_1779733407860936_auto.png (attempt 6/20): gh: Not Found (HTTP 404)
[18:25:02] gh api failed: Delete screenshots/0014_1779733407860936_auto.png (attempt 7/20): gh: Not Found (HTTP 404)
[18:25:04] gh api failed: Delete screenshots/0014_1779733407860936_auto.png (attempt 8/20): gh: Not Found (HTTP 404)
[18:25:05] gh api failed: Delete screenshots/0014_1779733407860936_auto.png (attempt 9/20): gh: Not Found (HTTP 404)
[18:25:07] gh api failed: Delete screenshots/0014_1779733407860936_auto.png (attempt 10/20): gh: Not Found (HTTP 404)
[18:25:08] gh api failed: Delete screenshots/0014_1779733407860936_auto.png (attempt 11/20): gh: Not Found (HTTP 404)
[18:25:09] gh api failed: Delete screenshots/0014_1779733407860936_auto.png (attempt 12/20): gh: Not Found (HTTP 404)
[18:25:11] gh api failed: Delete screenshots/0014_1779733407860936_auto.png (attempt 13/20): gh: Not Found (HTTP 404)
[18:25:12] gh api failed: Delete screenshots/0014_1779733407860936_auto.png (attempt 14/20): gh: Not Found (HTTP 404)
[18:25:14] gh api failed: Delete screenshots/0014_1779733407860936_auto.png (attempt 15/20): gh: Not Found (HTTP 404)
[18:25:15] gh api failed: Delete screenshots/0014_1779733407860936_auto.png (attempt 16/20): gh: Not Found (HTTP 404)
[18:25:16] gh api failed: Delete screenshots/0014_1779733407860936_auto.png (attempt 17/20): gh: Not Found (HTTP 404)
[18:25:18] gh api failed: Delete screenshots/0014_1779733407860936_auto.png (attempt 18/20): gh: Not Found (HTTP 404)
[18:25:19] gh api failed: Delete screenshots/0014_1779733407860936_auto.png (attempt 19/20): gh: Not Found (HTTP 404)
[18:25:20] gh api failed: Delete screenshots/0014_1779733407860936_auto.png (attempt 20/20): gh: Not Found (HTTP 404)
[18:25:20] Agent alive
[18:25:20] New autonomous report: AUT-10-1779733520 -> Available memory: 14399 MB
[18:25:21] gh api failed: Delete screenshots/0015_1779733435311856_auto.png (attempt 1/20): gh: Not Found (HTTP 404)
[18:25:22] Sender published response comment.
[18:25:22] gh api failed: Delete screenshots/0015_1779733435311856_auto.png (attempt 2/20): gh: Not Found (HTTP 404)
[18:25:23] gh api failed: Delete screenshots/0015_1779733435311856_auto.png (attempt 3/20): gh: Not Found (HTTP 404)
[18:25:25] gh api failed: Delete screenshots/0015_1779733435311856_auto.png (attempt 4/20): gh: Not Found (HTTP 404)
[18:25:26] gh api failed: Delete screenshots/0015_1779733435311856_auto.png (attempt 5/20): gh: Not Found (HTTP 404)
[18:25:27] Sender published response comment.
[18:25:28] gh api failed: Delete screenshots/0015_1779733435311856_auto.png (attempt 6/20): gh: Not Found (HTTP 404)
[18:25:29] gh api failed: Delete screenshots/0015_1779733435311856_auto.png (attempt 7/20): gh: Not Found (HTTP 404)
[18:25:29] Fetcher detected new App Commands comment.
[18:25:29] Acknowledged autonomous report AUT-8-1779733400
[18:25:29] Acknowledged autonomous report AUT-9-1779733475
[18:25:29] Acknowledged autonomous report AUT-10-1779733520
[18:25:30] gh api failed: Delete screenshots/0015_1779733435311856_auto.png (attempt 8/20): gh: Not Found (HTTP 404)
[18:25:32] gh api failed: Delete screenshots/0015_1779733435311856_auto.png (attempt 9/20): gh: Not Found (HTTP 404)
[18:25:33] gh api failed: Delete screenshots/0015_1779733435311856_auto.png (attempt 10/20): gh: Not Found (HTTP 404)
[18:25:34] gh api failed: Delete screenshots/0015_1779733435311856_auto.png (attempt 11/20): gh: Not Found (HTTP 404)
[18:25:35] Fetcher detected new App Commands comment.
[18:25:35] Acknowledged autonomous report AUT-9-1779733475
[18:25:35] Acknowledged autonomous report AUT-10-1779733520
[18:25:36] gh api failed: Delete screenshots/0015_1779733435311856_auto.png (attempt 12/20): gh: Not Found (HTTP 404)
[18:25:37] gh api failed: Delete screenshots/0015_1779733435311856_auto.png (attempt 13/20): gh: Not Found (HTTP 404)
[18:25:38] gh api failed: Delete screenshots/0015_1779733435311856_auto.png (attempt 14/20): gh: Not Found (HTTP 404)
[18:25:40] gh api failed: Delete screenshots/0015_1779733435311856_auto.png (attempt 15/20): gh: Not Found (HTTP 404)
[18:25:41] gh api failed: Delete screenshots/0015_1779733435311856_auto.png (attempt 16/20): gh: Not Found (HTTP 404)
[18:25:42] gh api failed: Delete screenshots/0015_1779733435311856_auto.png (attempt 17/20): gh: Not Found (HTTP 404)
[18:25:44] gh api failed: Delete screenshots/0015_1779733435311856_auto.png (attempt 18/20): gh: Not Found (HTTP 404)
[18:25:45] gh api failed: Delete screenshots/0015_1779733435311856_auto.png (attempt 19/20): gh: Not Found (HTTP 404)
[18:25:46] gh api failed: Delete screenshots/0015_1779733435311856_auto.png (attempt 20/20): gh: Not Found (HTTP 404)
[18:25:48] Screenshot screenshots/0022_1779733496137340_auto.png uploaded successfully.
[18:25:48] Taking screenshot: screenshots/0023_1779733548923154_auto.png
[18:25:49] Uploading screenshot synchronously: screenshots/0023_1779733548923154_auto.png
[18:25:50] Agent alive
[18:25:53] Screenshot screenshots/0023_1779733548923154_auto.png uploaded successfully.
[18:25:53] Taking screenshot: screenshots/0024_1779733553923257_auto.png
[18:25:54] Uploading screenshot synchronously: screenshots/0024_1779733553923257_auto.png
[18:25:57] Screenshot screenshots/0024_1779733553923257_auto.png uploaded successfully.
[18:25:58] Taking screenshot: screenshots/0025_1779733558923462_auto.png
[18:25:59] Uploading screenshot synchronously: screenshots/0025_1779733558923462_auto.png
[18:26:02] Screenshot screenshots/0025_1779733558923462_auto.png uploaded successfully.
[18:26:03] Taking screenshot: screenshots/0026_1779733563923562_auto.png
[18:26:04] Uploading screenshot synchronously: screenshots/0026_1779733563923562_auto.png
[18:26:08] Screenshot screenshots/0026_1779733563923562_auto.png uploaded successfully.
[18:26:08] Taking screenshot: screenshots/0027_1779733568923690_auto.png
[18:26:09] Uploading screenshot synchronously: screenshots/0027_1779733568923690_auto.png
[18:26:13] Screenshot screenshots/0027_1779733568923690_auto.png uploaded successfully.
[18:26:13] Taking screenshot: screenshots/0028_1779733573923811_auto.png
[18:26:14] Uploading screenshot synchronously: screenshots/0028_1779733573923811_auto.png
[18:26:16] Screenshot screenshots/0028_1779733573923811_auto.png uploaded successfully.
[18:26:18] Taking screenshot: screenshots/0029_1779733578923962_auto.png
[18:26:19] Uploading screenshot synchronously: screenshots/0029_1779733578923962_auto.png
[18:26:20] Agent alive
[18:26:21] Screenshot screenshots/0029_1779733578923962_auto.png uploaded successfully.
[18:26:23] Taking screenshot: screenshots/0030_1779733583924078_auto.png
[18:26:24] Uploading screenshot synchronously: screenshots/0030_1779733583924078_auto.png
[18:26:25] gh api failed: Upload screenshots/0030_1779733583924078_auto.png (352468 bytes) (attempt 1/20): gh: is at ffe002667e2db9091bae8eb8e42c1d6eafd52c1f but expected a8c6ae1ce05057423e4db8cf8179f9b65b83e118 (HTTP 409)
[18:26:28] Screenshot screenshots/0030_1779733583924078_auto.png uploaded successfully.
[18:26:28] Taking screenshot: screenshots/0031_1779733588935567_auto.png
[18:26:29] gh api failed: Delete screenshots/0024_1779733553923257_auto.png (attempt 1/20): gh: Not Found (HTTP 404)
[18:26:29] Uploading screenshot synchronously: screenshots/0031_1779733588935567_auto.png
[18:26:30] gh api failed: Delete screenshots/0024_1779733553923257_auto.png (attempt 2/20): gh: Not Found (HTTP 404)
[18:26:31] gh api failed: Delete screenshots/0024_1779733553923257_auto.png (attempt 3/20): gh: Not Found (HTTP 404)
[18:26:33] gh api failed: Delete screenshots/0024_1779733553923257_auto.png (attempt 4/20): gh: Not Found (HTTP 404)
[18:26:34] gh api failed: Delete screenshots/0024_1779733553923257_auto.png (attempt 5/20): gh: Not Found (HTTP 404)
[18:26:35] Fetcher detected new App Commands comment.
[18:26:35] Acknowledged autonomous report AUT-9-1779733475
[18:26:35] Acknowledged autonomous report AUT-10-1779733520
[18:26:35] Enqueued for execution: APP-58503-20260525182447
[18:26:35] Execution loop: processing APP-58503-20260525182447: tabs
[18:26:35] Enqueued for execution: APP-58504-20260525182447
[18:26:35] New autonomous report: AUT-11-1779733595 -> Tabs: 1: Channel dashboard - YouTube Studio
[18:26:35] Executed APP-58503-20260525182447 -> Tabs: 1: Channel dashboard - YouTube Studio
[18:26:35] Execution loop: processing APP-58504-20260525182447: dir
[18:26:35] Executed APP-58504-20260525182447 -> Files: (empty)
[18:26:36] gh api failed: Delete screenshots/0024_1779733553923257_auto.png (attempt 6/20): gh: Not Found (HTTP 404)
[18:26:37] gh api failed: Delete screenshots/0024_1779733553923257_auto.png (attempt 7/20): gh: Not Found (HTTP 404)
[18:26:38] Sender published response comment.
[18:26:38] gh api failed: Delete screenshots/0024_1779733553923257_auto.png (attempt 8/20): gh: Not Found (HTTP 404)
[18:26:40] gh api failed: Delete screenshots/0024_1779733553923257_auto.png (attempt 9/20): gh: Not Found (HTTP 404)
[18:26:41] gh api failed: Delete screenshots/0024_1779733553923257_auto.png (attempt 10/20): gh: Not Found (HTTP 404)
[18:26:42] gh api failed: Delete screenshots/0024_1779733553923257_auto.png (attempt 11/20): gh: Not Found (HTTP 404)
[18:26:43] Sender published response comment.
[18:26:44] gh api failed: Delete screenshots/0024_1779733553923257_auto.png (attempt 12/20): gh: Not Found (HTTP 404)
[18:26:45] gh api failed: Delete screenshots/0024_1779733553923257_auto.png (attempt 13/20): gh: Not Found (HTTP 404)
[18:26:46] Fetcher detected new App Commands comment.
[18:26:46] Acknowledged autonomous report AUT-10-1779733520
[18:26:46] Acknowledged autonomous report AUT-11-1779733595
[18:26:46] gh api failed: Delete screenshots/0024_1779733553923257_auto.png (attempt 14/20): gh: Not Found (HTTP 404)
[18:26:48] gh api failed: Delete screenshots/0024_1779733553923257_auto.png (attempt 15/20): gh: Not Found (HTTP 404)
[18:26:49] gh api failed: Delete screenshots/0024_1779733553923257_auto.png (attempt 16/20): gh: Not Found (HTTP 404)
[18:26:50] Agent alive
[18:26:50] gh api failed: Delete screenshots/0024_1779733553923257_auto.png (attempt 17/20): gh: Not Found (HTTP 404)
[18:26:52] gh api failed: Delete screenshots/0024_1779733553923257_auto.png (attempt 18/20): gh: Not Found (HTTP 404)
[18:26:53] gh api failed: Delete screenshots/0024_1779733553923257_auto.png (attempt 19/20): gh: Not Found (HTTP 404)
[18:26:54] gh api failed: Delete screenshots/0024_1779733553923257_auto.png (attempt 20/20): gh: Not Found (HTTP 404)
[18:26:57] Screenshot screenshots/0031_1779733588935567_auto.png uploaded successfully.
[18:26:57] Taking screenshot: screenshots/0032_1779733617004051_auto.png
[18:26:57] Uploading screenshot synchronously: screenshots/0032_1779733617004051_auto.png
[18:27:01] Screenshot screenshots/0032_1779733617004051_auto.png uploaded successfully.
[18:27:02] Taking screenshot: screenshots/0033_1779733622004229_auto.png
[18:27:02] Uploading screenshot synchronously: screenshots/0033_1779733622004229_auto.png
[18:27:06] Screenshot screenshots/0033_1779733622004229_auto.png uploaded successfully.
[18:27:07] Taking screenshot: screenshots/0034_1779733627004358_auto.png
[18:27:07] Uploading screenshot synchronously: screenshots/0034_1779733627004358_auto.png
[18:27:11] Screenshot screenshots/0034_1779733627004358_auto.png uploaded successfully.
[18:27:12] Taking screenshot: screenshots/0035_1779733632004485_auto.png
[18:27:12] Uploading screenshot synchronously: screenshots/0035_1779733632004485_auto.png
[18:27:16] Screenshot screenshots/0035_1779733632004485_auto.png uploaded successfully.
[18:27:17] Taking screenshot: screenshots/0036_1779733637004641_auto.png
[18:27:17] Uploading screenshot synchronously: screenshots/0036_1779733637004641_auto.png
[18:27:19] gh api failed: Upload screenshots/0036_1779733637004641_auto.png (352468 bytes) (attempt 1/20): gh: is at 432bef79d943422d51d179d8d340b130a797f924 but expected 6812d056208611536d3a6881aca63491e2043221 (HTTP 409)
[18:27:20] Agent alive
[18:27:20] New autonomous report: AUT-12-1779733640 -> Available memory: 14376 MB
[18:27:22] Screenshot screenshots/0036_1779733637004641_auto.png uploaded successfully.
[18:27:22] Taking screenshot: screenshots/0037_1779733642489301_auto.png
[18:27:22] gh api failed: Delete screenshots/0028_1779733573923811_auto.png (attempt 1/20): gh: Not Found (HTTP 404)
[18:27:22] Uploading screenshot synchronously: screenshots/0037_1779733642489301_auto.png
[18:27:24] gh api failed: Delete screenshots/0028_1779733573923811_auto.png (attempt 2/20): gh: Not Found (HTTP 404)
[18:27:24] Sender published response comment.
[18:27:25] gh api failed: Delete screenshots/0028_1779733573923811_auto.png (attempt 3/20): gh: Not Found (HTTP 404)
[18:27:26] gh api failed: Delete screenshots/0028_1779733573923811_auto.png (attempt 4/20): gh: Not Found (HTTP 404)
[18:27:28] gh api failed: Delete screenshots/0028_1779733573923811_auto.png (attempt 5/20): gh: Not Found (HTTP 404)
[18:27:29] gh api failed: Delete screenshots/0028_1779733573923811_auto.png (attempt 6/20): gh: Not Found (HTTP 404)
[18:27:29] Fetcher detected new App Commands comment.
[18:27:29] Acknowledged autonomous report AUT-11-1779733595
[18:27:29] Acknowledged autonomous report AUT-12-1779733640
[18:27:30] Sender published response comment.
[18:27:30] gh api failed: Delete screenshots/0028_1779733573923811_auto.png (attempt 7/20): gh: Not Found (HTTP 404)
[18:27:32] gh api failed: Delete screenshots/0028_1779733573923811_auto.png (attempt 8/20): gh: Not Found (HTTP 404)
[18:27:33] gh api failed: Delete screenshots/0028_1779733573923811_auto.png (attempt 9/20): gh: Not Found (HTTP 404)
[18:27:34] gh api failed: Delete screenshots/0028_1779733573923811_auto.png (attempt 10/20): gh: Not Found (HTTP 404)
[18:27:36] gh api failed: Delete screenshots/0028_1779733573923811_auto.png (attempt 11/20): gh: Not Found (HTTP 404)
[18:27:37] gh api failed: Delete screenshots/0028_1779733573923811_auto.png (attempt 12/20): gh: Not Found (HTTP 404)
[18:27:39] gh api failed: Delete screenshots/0028_1779733573923811_auto.png (attempt 13/20): gh: Not Found (HTTP 404)
[18:27:40] gh api failed: Delete screenshots/0028_1779733573923811_auto.png (attempt 14/20): gh: Not Found (HTTP 404)
[18:27:41] gh api failed: Delete screenshots/0028_1779733573923811_auto.png (attempt 15/20): gh: Not Found (HTTP 404)
[18:27:43] gh api failed: Delete screenshots/0028_1779733573923811_auto.png (attempt 16/20): gh: Not Found (HTTP 404)
[18:27:44] gh api failed: Delete screenshots/0028_1779733573923811_auto.png (attempt 17/20): gh: Not Found (HTTP 404)
[18:27:45] gh api failed: Delete screenshots/0028_1779733573923811_auto.png (attempt 18/20): gh: Not Found (HTTP 404)
[18:27:47] gh api failed: Delete screenshots/0028_1779733573923811_auto.png (attempt 19/20): gh: Not Found (HTTP 404)
[18:27:48] gh api failed: Delete screenshots/0028_1779733573923811_auto.png (attempt 20/20): gh: Not Found (HTTP 404)
[18:27:48] gh api failed: Delete screenshots/0029_1779733578923962_auto.png (attempt 1/20): gh: Not Found (HTTP 404)
[18:27:50] gh api failed: Delete screenshots/0029_1779733578923962_auto.png (attempt 2/20): gh: Not Found (HTTP 404)
[18:27:50] Agent alive
[18:27:51] gh api failed: Delete screenshots/0029_1779733578923962_auto.png (attempt 3/20): gh: Not Found (HTTP 404)
[18:27:53] gh api failed: Delete screenshots/0029_1779733578923962_auto.png (attempt 4/20): gh: Not Found (HTTP 404)
[18:27:54] gh api failed: Delete screenshots/0029_1779733578923962_auto.png (attempt 5/20): gh: Not Found (HTTP 404)
[18:27:55] gh api failed: Delete screenshots/0029_1779733578923962_auto.png (attempt 6/20): gh: Not Found (HTTP 404)
[18:27:57] gh api failed: Delete screenshots/0029_1779733578923962_auto.png (attempt 7/20): gh: Not Found (HTTP 404)
[18:27:58] gh api failed: Delete screenshots/0029_1779733578923962_auto.png (attempt 8/20): gh: Not Found (HTTP 404)
[18:27:59] gh api failed: Delete screenshots/0029_1779733578923962_auto.png (attempt 9/20): gh: Not Found (HTTP 404)
[18:28:01] gh api failed: Delete screenshots/0029_1779733578923962_auto.png (attempt 10/20): gh: Not Found (HTTP 404)
[18:28:02] gh api failed: Delete screenshots/0029_1779733578923962_auto.png (attempt 11/20): gh: Not Found (HTTP 404)
[18:28:03] gh api failed: Delete screenshots/0029_1779733578923962_auto.png (attempt 12/20): gh: Not Found (HTTP 404)
[18:28:05] gh api failed: Delete screenshots/0029_1779733578923962_auto.png (attempt 13/20): gh: Not Found (HTTP 404)
[18:28:06] gh api failed: Delete screenshots/0029_1779733578923962_auto.png (attempt 14/20): gh: Not Found (HTTP 404)
[18:28:07] gh api failed: Delete screenshots/0029_1779733578923962_auto.png (attempt 15/20): gh: Not Found (HTTP 404)
[18:28:09] gh api failed: Delete screenshots/0029_1779733578923962_auto.png (attempt 16/20): gh: Not Found (HTTP 404)
[18:28:10] gh api failed: Delete screenshots/0029_1779733578923962_auto.png (attempt 17/20): gh: Not Found (HTTP 404)
[18:28:11] gh api failed: Delete screenshots/0029_1779733578923962_auto.png (attempt 18/20): gh: Not Found (HTTP 404)
[18:28:13] gh api failed: Delete screenshots/0029_1779733578923962_auto.png (attempt 19/20): gh: Not Found (HTTP 404)
[18:28:14] gh api failed: Delete screenshots/0029_1779733578923962_auto.png (attempt 20/20): gh: Not Found (HTTP 404)
[18:28:14] gh api failed: Delete screenshots/0030_1779733583924078_auto.png (attempt 1/20): gh: Not Found (HTTP 404)
[18:28:16] gh api failed: Delete screenshots/0030_1779733583924078_auto.png (attempt 2/20): gh: Not Found (HTTP 404)
[18:28:17] gh api failed: Delete screenshots/0030_1779733583924078_auto.png (attempt 3/20): gh: Not Found (HTTP 404)
[18:28:18] gh api failed: Delete screenshots/0030_1779733583924078_auto.png (attempt 4/20): gh: Not Found (HTTP 404)
[18:28:20] gh api failed: Delete screenshots/0030_1779733583924078_auto.png (attempt 5/20): gh: Not Found (HTTP 404)
[18:28:20] Agent alive
[18:28:21] gh api failed: Delete screenshots/0030_1779733583924078_auto.png (attempt 6/20): gh: Not Found (HTTP 404)
[18:28:22] gh api failed: Delete screenshots/0030_1779733583924078_auto.png (attempt 7/20): gh: Not Found (HTTP 404)
[18:28:24] gh api failed: Delete screenshots/0030_1779733583924078_auto.png (attempt 8/20): gh: Not Found (HTTP 404)
[18:28:25] gh api failed: Delete screenshots/0030_1779733583924078_auto.png (attempt 9/20): gh: Not Found (HTTP 404)
[18:28:26] gh api failed: Delete screenshots/0030_1779733583924078_auto.png (attempt 10/20): gh: Not Found (HTTP 404)
[18:28:28] gh api failed: Delete screenshots/0030_1779733583924078_auto.png (attempt 11/20): gh: Not Found (HTTP 404)
[18:28:29] gh api failed: Delete screenshots/0030_1779733583924078_auto.png (attempt 12/20): gh: Not Found (HTTP 404)
[18:28:30] gh api failed: Delete screenshots/0030_1779733583924078_auto.png (attempt 13/20): gh: Not Found (HTTP 404)
[18:28:32] gh api failed: Delete screenshots/0030_1779733583924078_auto.png (attempt 14/20): gh: Not Found (HTTP 404)
[18:28:33] gh api failed: Delete screenshots/0030_1779733583924078_auto.png (attempt 15/20): gh: Not Found (HTTP 404)
[18:28:34] gh api failed: Delete screenshots/0030_1779733583924078_auto.png (attempt 16/20): gh: Not Found (HTTP 404)
[18:28:35] Fetcher detected new App Commands comment.
[18:28:35] Acknowledged autonomous report AUT-11-1779733595
[18:28:35] Acknowledged autonomous report AUT-12-1779733640
[18:28:35] Enqueued for execution: APP-58507-20260525182647
[18:28:35] Execution loop: processing APP-58507-20260525182647: tabs
[18:28:35] Enqueued for execution: APP-58508-20260525182647
[18:28:35] New autonomous report: AUT-13-1779733715 -> Tabs: 1: Channel dashboard - YouTube Studio
[18:28:35] Executed APP-58507-20260525182647 -> Tabs: 1: Channel dashboard - YouTube Studio
[18:28:35] Execution loop: processing APP-58508-20260525182647: dir
[18:28:35] Executed APP-58508-20260525182647 -> Files: (empty)
[18:28:36] gh api failed: Delete screenshots/0030_1779733583924078_auto.png (attempt 17/20): gh: Not Found (HTTP 404)
[18:28:37] gh api failed: Delete screenshots/0030_1779733583924078_auto.png (attempt 18/20): gh: Not Found (HTTP 404)
[18:28:38] gh api failed: Delete screenshots/0030_1779733583924078_auto.png (attempt 19/20): gh: Not Found (HTTP 404)
[18:28:40] gh api failed: Delete screenshots/0030_1779733583924078_auto.png (attempt 20/20): gh: Not Found (HTTP 404)
[18:28:40] Sender published response comment.
[18:28:42] Screenshot screenshots/0037_1779733642489301_auto.png uploaded successfully.
[18:28:42] Taking screenshot: screenshots/0038_1779733722346031_auto.png
[18:28:42] Uploading screenshot synchronously: screenshots/0038_1779733722346031_auto.png
[18:28:46] Sender published response comment.
[18:28:46] Screenshot screenshots/0038_1779733722346031_auto.png uploaded successfully.
[18:28:47] gh api failed: Delete screenshots/0032_1779733617004051_auto.png (attempt 1/20): gh: Not Found (HTTP 404)
[18:28:47] Taking screenshot: screenshots/0039_1779733727346163_auto.png
[18:28:47] Fetcher detected new App Commands comment.
[18:28:47] Acknowledged autonomous report AUT-12-1779733640
[18:28:47] Acknowledged autonomous report AUT-13-1779733715
[18:28:47] Uploading screenshot synchronously: screenshots/0039_1779733727346163_auto.png
[18:28:48] gh api failed: Delete screenshots/0032_1779733617004051_auto.png (attempt 2/20): gh: Not Found (HTTP 404)
[18:28:49] gh api failed: Delete screenshots/0032_1779733617004051_auto.png (attempt 3/20): gh: Not Found (HTTP 404)
[18:28:50] Agent alive
[18:28:51] gh api failed: Delete screenshots/0032_1779733617004051_auto.png (attempt 4/20): gh: Not Found (HTTP 404)
[18:28:52] gh api failed: Delete screenshots/0032_1779733617004051_auto.png (attempt 5/20): gh: Not Found (HTTP 404)
[18:28:54] gh api failed: Delete screenshots/0032_1779733617004051_auto.png (attempt 6/20): gh: Not Found (HTTP 404)
[18:28:55] gh api failed: Delete screenshots/0032_1779733617004051_auto.png (attempt 7/20): gh: Not Found (HTTP 404)
[18:28:56] gh api failed: Delete screenshots/0032_1779733617004051_auto.png (attempt 8/20): gh: Not Found (HTTP 404)
[18:28:58] gh api failed: Delete screenshots/0032_1779733617004051_auto.png (attempt 9/20): gh: Not Found (HTTP 404)
[18:28:59] gh api failed: Delete screenshots/0032_1779733617004051_auto.png (attempt 10/20): gh: Not Found (HTTP 404)
[18:29:00] gh api failed: Delete screenshots/0032_1779733617004051_auto.png (attempt 11/20): gh: Not Found (HTTP 404)
[18:29:02] gh api failed: Delete screenshots/0032_1779733617004051_auto.png (attempt 12/20): gh: Not Found (HTTP 404)
[18:29:03] gh api failed: Delete screenshots/0032_1779733617004051_auto.png (attempt 13/20): gh: Not Found (HTTP 404)
[18:29:05] gh api failed: Delete screenshots/0032_1779733617004051_auto.png (attempt 14/20): gh: Not Found (HTTP 404)
[18:29:06] gh api failed: Delete screenshots/0032_1779733617004051_auto.png (attempt 15/20): gh: Not Found (HTTP 404)
[18:29:07] gh api failed: Delete screenshots/0032_1779733617004051_auto.png (attempt 16/20): gh: Not Found (HTTP 404)
[18:29:09] gh api failed: Delete screenshots/0032_1779733617004051_auto.png (attempt 17/20): gh: Not Found (HTTP 404)
[18:29:10] gh api failed: Delete screenshots/0032_1779733617004051_auto.png (attempt 18/20): gh: Not Found (HTTP 404)
[18:29:11] gh api failed: Delete screenshots/0032_1779733617004051_auto.png (attempt 19/20): gh: Not Found (HTTP 404)
[18:29:13] gh api failed: Delete screenshots/0032_1779733617004051_auto.png (attempt 20/20): gh: Not Found (HTTP 404)
[18:29:14] Screenshot screenshots/0039_1779733727346163_auto.png uploaded successfully.
[18:29:14] Taking screenshot: screenshots/0040_1779733754982469_auto.png
[18:29:15] Uploading screenshot synchronously: screenshots/0040_1779733754982469_auto.png
[18:29:19] Screenshot screenshots/0040_1779733754982469_auto.png uploaded successfully.
[18:29:19] Taking screenshot: screenshots/0041_1779733759982627_auto.png
[18:29:20] Uploading screenshot synchronously: screenshots/0041_1779733759982627_auto.png
[18:29:20] Agent alive
[18:29:20] New autonomous report: AUT-14-1779733760 -> Available memory: 14373 MB
[18:29:21] Sender published response comment.
[18:29:24] Screenshot screenshots/0041_1779733759982627_auto.png uploaded successfully.
[18:29:24] Taking screenshot: screenshots/0042_1779733764982716_auto.png
[18:29:25] Uploading screenshot synchronously: screenshots/0042_1779733764982716_auto.png
[18:29:27] Sender published response comment.
[18:29:28] Screenshot screenshots/0042_1779733764982716_auto.png uploaded successfully.
[18:29:29] Taking screenshot: screenshots/0043_1779733769982844_auto.png
[18:29:30] Uploading screenshot synchronously: screenshots/0043_1779733769982844_auto.png
[18:29:31] Fetcher detected new App Commands comment.
[18:29:31] Acknowledged autonomous report AUT-13-1779733715
[18:29:31] Acknowledged autonomous report AUT-14-1779733760
[18:29:32] gh api failed: Upload screenshots/0043_1779733769982844_auto.png (352468 bytes) (attempt 1/20): gh: is at dbe94648671d642104c15ba77270bec69cdd32c5 but expected 5f84b24e80544716e96be4ededd9d0631e8a4017 (HTTP 409)
[18:29:35] Screenshot screenshots/0043_1779733769982844_auto.png uploaded successfully.
[18:29:35] Taking screenshot: screenshots/0044_1779733775436473_auto.png
[18:29:35] gh api failed: Delete screenshots/0036_1779733637004641_auto.png (attempt 1/20): gh: Not Found (HTTP 404)
[18:29:35] Uploading screenshot synchronously: screenshots/0044_1779733775436473_auto.png
[18:29:37] gh api failed: Delete screenshots/0036_1779733637004641_auto.png (attempt 2/20): gh: Not Found (HTTP 404)
[18:29:38] gh api failed: Delete screenshots/0036_1779733637004641_auto.png (attempt 3/20): gh: Not Found (HTTP 404)
[18:29:39] gh api failed: Delete screenshots/0036_1779733637004641_auto.png (attempt 4/20): gh: Not Found (HTTP 404)
[18:29:41] gh api failed: Delete screenshots/0036_1779733637004641_auto.png (attempt 5/20): gh: Not Found (HTTP 404)
[18:29:42] gh api failed: Delete screenshots/0036_1779733637004641_auto.png (attempt 6/20): gh: Not Found (HTTP 404)
[18:29:43] gh api failed: Delete screenshots/0036_1779733637004641_auto.png (attempt 7/20): gh: Not Found (HTTP 404)
[18:29:45] gh api failed: Delete screenshots/0036_1779733637004641_auto.png (attempt 8/20): gh: Not Found (HTTP 404)
[18:29:46] gh api failed: Delete screenshots/0036_1779733637004641_auto.png (attempt 9/20): gh: Not Found (HTTP 404)
[18:29:48] gh api failed: Delete screenshots/0036_1779733637004641_auto.png (attempt 10/20): gh: Not Found (HTTP 404)
[18:29:49] gh api failed: Delete screenshots/0036_1779733637004641_auto.png (attempt 11/20): gh: Not Found (HTTP 404)
[18:29:50] gh api failed: Delete screenshots/0036_1779733637004641_auto.png (attempt 12/20): gh: Not Found (HTTP 404)
[18:29:50] Agent alive
[18:29:52] gh api failed: Delete screenshots/0036_1779733637004641_auto.png (attempt 13/20): gh: Not Found (HTTP 404)
[18:29:53] gh api failed: Delete screenshots/0036_1779733637004641_auto.png (attempt 14/20): gh: Not Found (HTTP 404)
[18:29:54] gh api failed: Delete screenshots/0036_1779733637004641_auto.png (attempt 15/20): gh: Not Found (HTTP 404)
[18:29:56] gh api failed: Delete screenshots/0036_1779733637004641_auto.png (attempt 16/20): gh: Not Found (HTTP 404)
[18:29:57] gh api failed: Delete screenshots/0036_1779733637004641_auto.png (attempt 17/20): gh: Not Found (HTTP 404)
[18:29:58] gh api failed: Delete screenshots/0036_1779733637004641_auto.png (attempt 18/20): gh: Not Found (HTTP 404)
[18:30:00] gh api failed: Delete screenshots/0036_1779733637004641_auto.png (attempt 19/20): gh: Not Found (HTTP 404)
[18:30:01] gh api failed: Delete screenshots/0036_1779733637004641_auto.png (attempt 20/20): gh: Not Found (HTTP 404)
[18:30:02] gh api failed: Delete screenshots/0037_1779733642489301_auto.png (attempt 1/20): gh: Not Found (HTTP 404)
[18:30:03] gh api failed: Delete screenshots/0037_1779733642489301_auto.png (attempt 2/20): gh: Not Found (HTTP 404)
[18:30:04] gh api failed: Delete screenshots/0037_1779733642489301_auto.png (attempt 3/20): gh: Not Found (HTTP 404)
[18:30:06] gh api failed: Delete screenshots/0037_1779733642489301_auto.png (attempt 4/20): gh: Not Found (HTTP 404)
[18:30:07] gh api failed: Delete screenshots/0037_1779733642489301_auto.png (attempt 5/20): gh: Not Found (HTTP 404)
[18:30:08] gh api failed: Delete screenshots/0037_1779733642489301_auto.png (attempt 6/20): gh: Not Found (HTTP 404)
[18:30:10] gh api failed: Delete screenshots/0037_1779733642489301_auto.png (attempt 7/20): gh: Not Found (HTTP 404)
[18:30:11] gh api failed: Delete screenshots/0037_1779733642489301_auto.png (attempt 8/20): gh: Not Found (HTTP 404)
[18:30:12] gh api failed: Delete screenshots/0037_1779733642489301_auto.png (attempt 9/20): gh: Not Found (HTTP 404)
[18:30:14] gh api failed: Delete screenshots/0037_1779733642489301_auto.png (attempt 10/20): gh: Not Found (HTTP 404)
[18:30:15] gh api failed: Delete screenshots/0037_1779733642489301_auto.png (attempt 11/20): gh: Not Found (HTTP 404)
[18:30:16] gh api failed: Delete screenshots/0037_1779733642489301_auto.png (attempt 12/20): gh: Not Found (HTTP 404)
[18:30:18] gh api failed: Delete screenshots/0037_1779733642489301_auto.png (attempt 13/20): gh: Not Found (HTTP 404)
[18:30:19] gh api failed: Delete screenshots/0037_1779733642489301_auto.png (attempt 14/20): gh: Not Found (HTTP 404)
[18:30:20] Agent alive
[18:30:21] gh api failed: Delete screenshots/0037_1779733642489301_auto.png (attempt 15/20): gh: Not Found (HTTP 404)
[18:30:22] gh api failed: Delete screenshots/0037_1779733642489301_auto.png (attempt 16/20): gh: Not Found (HTTP 404)
[18:30:23] gh api failed: Delete screenshots/0037_1779733642489301_auto.png (attempt 17/20): gh: Not Found (HTTP 404)
[18:30:25] gh api failed: Delete screenshots/0037_1779733642489301_auto.png (attempt 18/20): gh: Not Found (HTTP 404)
[18:30:26] gh api failed: Delete screenshots/0037_1779733642489301_auto.png (attempt 19/20): gh: Not Found (HTTP 404)
[18:30:27] gh api failed: Delete screenshots/0037_1779733642489301_auto.png (attempt 20/20): gh: Not Found (HTTP 404)
[18:30:29] Screenshot screenshots/0044_1779733775436473_auto.png uploaded successfully.
[18:30:29] Taking screenshot: screenshots/0045_1779733829847032_auto.png
[18:30:30] Uploading screenshot synchronously: screenshots/0045_1779733829847032_auto.png
[18:30:31] Fetcher detected new App Commands comment.
[18:30:31] Acknowledged autonomous report AUT-13-1779733715
[18:30:31] Acknowledged autonomous report AUT-14-1779733760
[18:30:31] Enqueued for execution: APP-58511-20260525182847
[18:30:31] Execution loop: processing APP-58511-20260525182847: tabs
[18:30:31] Enqueued for execution: APP-58512-20260525182847
[18:30:31] New autonomous report: AUT-15-1779733831 -> Tabs: 1: Channel dashboard - YouTube Studio
[18:30:31] Executed APP-58511-20260525182847 -> Tabs: 1: Channel dashboard - YouTube Studio
[18:30:31] Execution loop: processing APP-58512-20260525182847: dir
[18:30:31] Executed APP-58512-20260525182847 -> Files: (empty)
[18:30:32] Sender published response comment.
[18:30:33] Screenshot screenshots/0045_1779733829847032_auto.png uploaded successfully.
[18:30:34] Taking screenshot: screenshots/0046_1779733834847189_auto.png
[18:30:35] Uploading screenshot synchronously: screenshots/0046_1779733834847189_auto.png
[18:30:36] Fetcher detected new App Commands comment.
[18:30:36] Acknowledged autonomous report AUT-13-1779733715
[18:30:36] Acknowledged autonomous report AUT-14-1779733760
[18:30:36] Acknowledged autonomous report AUT-15-1779733831
[18:30:37] gh api failed: Upload screenshots/0046_1779733834847189_auto.png (352468 bytes) (attempt 1/20): gh: is at 0ba5cb2c65197cfed69277a0afbf602dda219bbd but expected bdccc4f38fe97150342023dd75fbf45d9e257d8c (HTTP 409)
[18:30:40] Screenshot screenshots/0046_1779733834847189_auto.png uploaded successfully.
[18:30:40] Taking screenshot: screenshots/0047_1779733840102475_auto.png
[18:30:40] Uploading screenshot synchronously: screenshots/0047_1779733840102475_auto.png
[18:30:44] Screenshot screenshots/0047_1779733840102475_auto.png uploaded successfully.
[18:30:45] gh api failed: Delete screenshots/0041_1779733759982627_auto.png (attempt 1/20): gh: is at 0f22395a87f467d8b966c78430511a58bb5642ff but expected a8ddac638e05e5966412ca5b580713f0c466b049 (HTTP 409)
[18:30:45] Taking screenshot: screenshots/0048_1779733845102602_auto.png
[18:30:45] Uploading screenshot synchronously: screenshots/0048_1779733845102602_auto.png
[18:30:46] gh api failed: Delete screenshots/0041_1779733759982627_auto.png (attempt 2/20): gh: Not Found (HTTP 404)
[18:30:47] Fetcher detected new App Commands comment.
[18:30:47] Acknowledged autonomous report AUT-14-1779733760
[18:30:47] Acknowledged autonomous report AUT-15-1779733831
[18:30:47] gh api failed: Delete screenshots/0041_1779733759982627_auto.png (attempt 3/20): gh: Not Found (HTTP 404)
[18:30:49] gh api failed: Delete screenshots/0041_1779733759982627_auto.png (attempt 4/20): gh: Not Found (HTTP 404)
[18:30:50] gh api failed: Delete screenshots/0041_1779733759982627_auto.png (attempt 5/20): gh: Not Found (HTTP 404)
[18:30:50] Agent alive
[18:30:51] gh api failed: Delete screenshots/0041_1779733759982627_auto.png (attempt 6/20): gh: Not Found (HTTP 404)
[18:30:53] gh api failed: Delete screenshots/0041_1779733759982627_auto.png (attempt 7/20): gh: Not Found (HTTP 404)
[18:30:54] gh api failed: Delete screenshots/0041_1779733759982627_auto.png (attempt 8/20): gh: Not Found (HTTP 404)
[18:30:55] gh api failed: Delete screenshots/0041_1779733759982627_auto.png (attempt 9/20): gh: Not Found (HTTP 404)
[18:30:57] gh api failed: Delete screenshots/0041_1779733759982627_auto.png (attempt 10/20): gh: Not Found (HTTP 404)
[18:30:58] gh api failed: Delete screenshots/0041_1779733759982627_auto.png (attempt 11/20): gh: Not Found (HTTP 404)
[18:31:00] gh api failed: Delete screenshots/0041_1779733759982627_auto.png (attempt 12/20): gh: Not Found (HTTP 404)
[18:31:01] gh api failed: Delete screenshots/0041_1779733759982627_auto.png (attempt 13/20): gh: Not Found (HTTP 404)
[18:31:02] gh api failed: Delete screenshots/0041_1779733759982627_auto.png (attempt 14/20): gh: Not Found (HTTP 404)
[18:31:04] gh api failed: Delete screenshots/0041_1779733759982627_auto.png (attempt 15/20): gh: Not Found (HTTP 404)
[18:31:05] gh api failed: Delete screenshots/0041_1779733759982627_auto.png (attempt 16/20): gh: Not Found (HTTP 404)
[18:31:06] gh api failed: Delete screenshots/0041_1779733759982627_auto.png (attempt 17/20): gh: Not Found (HTTP 404)
[18:31:08] gh api failed: Delete screenshots/0041_1779733759982627_auto.png (attempt 18/20): gh: Not Found (HTTP 404)
[18:31:09] gh api failed: Delete screenshots/0041_1779733759982627_auto.png (attempt 19/20): gh: Not Found (HTTP 404)
[18:31:10] gh api failed: Delete screenshots/0041_1779733759982627_auto.png (attempt 20/20): gh: Not Found (HTTP 404)
[18:31:12] Screenshot screenshots/0048_1779733845102602_auto.png uploaded successfully.
[18:31:12] Taking screenshot: screenshots/0049_1779733872965836_auto.png
[18:31:13] Uploading screenshot synchronously: screenshots/0049_1779733872965836_auto.png
[18:31:17] Screenshot screenshots/0049_1779733872965836_auto.png uploaded successfully.
[18:31:17] Taking screenshot: screenshots/0050_1779733877965967_auto.png
[18:31:18] Uploading screenshot synchronously: screenshots/0050_1779733877965967_auto.png
[18:31:20] Agent alive
[18:31:20] New autonomous report: AUT-16-1779733880 -> Available memory: 14368 MB
[18:31:21] Screenshot screenshots/0050_1779733877965967_auto.png uploaded successfully.
[18:31:22] Taking screenshot: screenshots/0051_1779733882966048_auto.png
[18:31:23] Sender published response comment.
[18:31:23] Uploading screenshot synchronously: screenshots/0051_1779733882966048_auto.png
[18:31:25] gh api failed: Upload screenshots/0051_1779733882966048_auto.png (352468 bytes) (attempt 1/20): gh: is at c04b5cd14f201670b6d4b17e57c5edfced3e10d1 but expected 9d38c5bd8df3937d7edc6e085cf901a01fd3cd6d (HTTP 409)
[18:31:28] Sender published response comment.
[18:31:28] Screenshot screenshots/0051_1779733882966048_auto.png uploaded successfully.
[18:31:28] Taking screenshot: screenshots/0052_1779733888749891_auto.png
[18:31:29] gh api failed: Delete screenshots/0044_1779733775436473_auto.png (attempt 1/20): gh: Not Found (HTTP 404)
[18:31:29] Uploading screenshot synchronously: screenshots/0052_1779733888749891_auto.png
[18:31:30] gh api failed: Delete screenshots/0044_1779733775436473_auto.png (attempt 2/20): gh: Not Found (HTTP 404)
[18:31:31] Fetcher detected new App Commands comment.
[18:31:31] Acknowledged autonomous report AUT-15-1779733831
[18:31:31] Acknowledged autonomous report AUT-16-1779733880
[18:31:31] gh api failed: Delete screenshots/0044_1779733775436473_auto.png (attempt 3/20): gh: Not Found (HTTP 404)
[18:31:33] gh api failed: Delete screenshots/0044_1779733775436473_auto.png (attempt 4/20): gh: Not Found (HTTP 404)
[18:31:34] gh api failed: Delete screenshots/0044_1779733775436473_auto.png (attempt 5/20): gh: Not Found (HTTP 404)
[18:31:35] gh api failed: Delete screenshots/0044_1779733775436473_auto.png (attempt 6/20): gh: Not Found (HTTP 404)
[18:31:37] gh api failed: Delete screenshots/0044_1779733775436473_auto.png (attempt 7/20): gh: Not Found (HTTP 404)
[18:31:38] gh api failed: Delete screenshots/0044_1779733775436473_auto.png (attempt 8/20): gh: Not Found (HTTP 404)
[18:31:40] gh api failed: Delete screenshots/0044_1779733775436473_auto.png (attempt 9/20): gh: Not Found (HTTP 404)
[18:31:41] gh api failed: Delete screenshots/0044_1779733775436473_auto.png (attempt 10/20): gh: Not Found (HTTP 404)
[18:31:42] gh api failed: Delete screenshots/0044_1779733775436473_auto.png (attempt 11/20): gh: Not Found (HTTP 404)
[18:31:44] gh api failed: Delete screenshots/0044_1779733775436473_auto.png (attempt 12/20): gh: Not Found (HTTP 404)
[18:31:45] gh api failed: Delete screenshots/0044_1779733775436473_auto.png (attempt 13/20): gh: Not Found (HTTP 404)
[18:31:46] gh api failed: Delete screenshots/0044_1779733775436473_auto.png (attempt 14/20): gh: Not Found (HTTP 404)
[18:31:48] gh api failed: Delete screenshots/0044_1779733775436473_auto.png (attempt 15/20): gh: Not Found (HTTP 404)
[18:31:49] gh api failed: Delete screenshots/0044_1779733775436473_auto.png (attempt 16/20): gh: Not Found (HTTP 404)
[18:31:50] Agent alive
[18:31:51] gh api failed: Delete screenshots/0044_1779733775436473_auto.png (attempt 17/20): gh: Not Found (HTTP 404)
[18:31:52] gh api failed: Delete screenshots/0044_1779733775436473_auto.png (attempt 18/20): gh: Not Found (HTTP 404)
[18:31:53] gh api failed: Delete screenshots/0044_1779733775436473_auto.png (attempt 19/20): gh: Not Found (HTTP 404)
[18:31:55] gh api failed: Delete screenshots/0044_1779733775436473_auto.png (attempt 20/20): gh: Not Found (HTTP 404)
[18:31:55] gh api failed: Delete screenshots/0045_1779733829847032_auto.png (attempt 1/20): gh: Not Found (HTTP 404)
[18:31:56] gh api failed: Delete screenshots/0045_1779733829847032_auto.png (attempt 2/20): gh: Not Found (HTTP 404)
[18:31:58] gh api failed: Delete screenshots/0045_1779733829847032_auto.png (attempt 3/20): gh: Not Found (HTTP 404)
[18:31:59] gh api failed: Delete screenshots/0045_1779733829847032_auto.png (attempt 4/20): gh: Not Found (HTTP 404)
[18:32:00] gh api failed: Delete screenshots/0045_1779733829847032_auto.png (attempt 5/20): gh: Not Found (HTTP 404)
[18:32:02] gh api failed: Delete screenshots/0045_1779733829847032_auto.png (attempt 6/20): gh: Not Found (HTTP 404)
[18:32:03] gh api failed: Delete screenshots/0045_1779733829847032_auto.png (attempt 7/20): gh: Not Found (HTTP 404)
[18:32:05] gh api failed: Delete screenshots/0045_1779733829847032_auto.png (attempt 8/20): gh: Not Found (HTTP 404)
[18:32:06] gh api failed: Delete screenshots/0045_1779733829847032_auto.png (attempt 9/20): gh: Not Found (HTTP 404)
[18:32:07] gh api failed: Delete screenshots/0045_1779733829847032_auto.png (attempt 10/20): gh: Not Found (HTTP 404)
[18:32:09] gh api failed: Delete screenshots/0045_1779733829847032_auto.png (attempt 11/20): gh: Not Found (HTTP 404)
[18:32:10] gh api failed: Delete screenshots/0045_1779733829847032_auto.png (attempt 12/20): gh: Not Found (HTTP 404)
[18:32:12] gh api failed: Delete screenshots/0045_1779733829847032_auto.png (attempt 13/20): gh: Not Found (HTTP 404)
[18:32:13] gh api failed: Delete screenshots/0045_1779733829847032_auto.png (attempt 14/20): gh: Not Found (HTTP 404)
[18:32:14] gh api failed: Delete screenshots/0045_1779733829847032_auto.png (attempt 15/20): gh: Not Found (HTTP 404)
[18:32:16] gh api failed: Delete screenshots/0045_1779733829847032_auto.png (attempt 16/20): gh: Not Found (HTTP 404)
[18:32:17] gh api failed: Delete screenshots/0045_1779733829847032_auto.png (attempt 17/20): gh: Not Found (HTTP 404)
[18:32:18] gh api failed: Delete screenshots/0045_1779733829847032_auto.png (attempt 18/20): gh: Not Found (HTTP 404)
[18:32:20] gh api failed: Delete screenshots/0045_1779733829847032_auto.png (attempt 19/20): gh: Not Found (HTTP 404)
[18:32:20] Agent alive
[18:32:21] gh api failed: Delete screenshots/0045_1779733829847032_auto.png (attempt 20/20): gh: Not Found (HTTP 404)
[18:32:23] Screenshot screenshots/0052_1779733888749891_auto.png uploaded successfully.
[18:32:23] Taking screenshot: screenshots/0053_1779733943752322_auto.png
[18:32:24] Uploading screenshot synchronously: screenshots/0053_1779733943752322_auto.png
[18:32:28] Screenshot screenshots/0053_1779733943752322_auto.png uploaded successfully.
[18:32:28] Taking screenshot: screenshots/0054_1779733948752478_auto.png
[18:32:29] Uploading screenshot synchronously: screenshots/0054_1779733948752478_auto.png
[18:32:31] Fetcher detected new App Commands comment.
[18:32:31] Acknowledged autonomous report AUT-15-1779733831
[18:32:31] Acknowledged autonomous report AUT-16-1779733880
[18:32:31] Enqueued for execution: APP-58515-20260525183047
[18:32:31] Execution loop: processing APP-58515-20260525183047: tabs
[18:32:31] Enqueued for execution: APP-58516-20260525183047
[18:32:31] New autonomous report: AUT-17-1779733951 -> Tabs: 1: Channel dashboard - YouTube Studio
[18:32:31] Executed APP-58515-20260525183047 -> Tabs: 1: Channel dashboard - YouTube Studio
[18:32:31] Execution loop: processing APP-58516-20260525183047: dir
[18:32:31] Executed APP-58516-20260525183047 -> Files: (empty)
[18:32:33] Screenshot screenshots/0054_1779733948752478_auto.png uploaded successfully.
[18:32:33] Taking screenshot: screenshots/0055_1779733953752579_auto.png
[18:32:34] Sender published response comment.
[18:32:34] Uploading screenshot synchronously: screenshots/0055_1779733953752579_auto.png
[18:32:36] Screenshot screenshots/0055_1779733953752579_auto.png uploaded successfully.
[18:32:37] Fetcher detected new App Commands comment.
[18:32:37] Acknowledged autonomous report AUT-16-1779733880
[18:32:37] Acknowledged autonomous report AUT-17-1779733951
[18:32:38] Taking screenshot: screenshots/0056_1779733958752682_auto.png
[18:32:39] Uploading screenshot synchronously: screenshots/0056_1779733958752682_auto.png
[18:32:42] Screenshot screenshots/0056_1779733958752682_auto.png uploaded successfully.
[18:32:43] Taking screenshot: screenshots/0057_1779733963752820_auto.png
[18:32:44] Uploading screenshot synchronously: screenshots/0057_1779733963752820_auto.png
[18:32:46] Screenshot screenshots/0057_1779733963752820_auto.png uploaded successfully.
[18:32:47] gh api failed: Delete screenshots/0051_1779733882966048_auto.png (attempt 1/20): gh: Not Found (HTTP 404)
[18:32:48] gh api failed: Delete screenshots/0051_1779733882966048_auto.png (attempt 2/20): gh: Not Found (HTTP 404)
[18:32:48] Taking screenshot: screenshots/0058_1779733968752929_auto.png
[18:32:49] Uploading screenshot synchronously: screenshots/0058_1779733968752929_auto.png
[18:32:50] gh api failed: Delete screenshots/0051_1779733882966048_auto.png (attempt 3/20): gh: Not Found (HTTP 404)
[18:32:50] Agent alive
[18:32:51] gh api failed: Delete screenshots/0051_1779733882966048_auto.png (attempt 4/20): gh: Not Found (HTTP 404)
[18:32:52] gh api failed: Delete screenshots/0051_1779733882966048_auto.png (attempt 5/20): gh: Not Found (HTTP 404)
[18:32:54] gh api failed: Delete screenshots/0051_1779733882966048_auto.png (attempt 6/20): gh: Not Found (HTTP 404)
[18:32:55] gh api failed: Delete screenshots/0051_1779733882966048_auto.png (attempt 7/20): gh: Not Found (HTTP 404)
[18:32:56] gh api failed: Delete screenshots/0051_1779733882966048_auto.png (attempt 8/20): gh: Not Found (HTTP 404)
[18:32:58] gh api failed: Delete screenshots/0051_1779733882966048_auto.png (attempt 9/20): gh: Not Found (HTTP 404)
[18:32:59] gh api failed: Delete screenshots/0051_1779733882966048_auto.png (attempt 10/20): gh: Not Found (HTTP 404)
[18:33:00] gh api failed: Delete screenshots/0051_1779733882966048_auto.png (attempt 11/20): gh: Not Found (HTTP 404)
[18:33:02] gh api failed: Delete screenshots/0051_1779733882966048_auto.png (attempt 12/20): gh: Not Found (HTTP 404)
[18:33:03] gh api failed: Delete screenshots/0051_1779733882966048_auto.png (attempt 13/20): gh: Not Found (HTTP 404)
[18:33:04] gh api failed: Delete screenshots/0051_1779733882966048_auto.png (attempt 14/20): gh: Not Found (HTTP 404)
[18:33:06] gh api failed: Delete screenshots/0051_1779733882966048_auto.png (attempt 15/20): gh: Not Found (HTTP 404)
[18:33:07] gh api failed: Delete screenshots/0051_1779733882966048_auto.png (attempt 16/20): gh: Not Found (HTTP 404)
[18:33:09] gh api failed: Delete screenshots/0051_1779733882966048_auto.png (attempt 17/20): gh: Not Found (HTTP 404)
[18:33:10] gh api failed: Delete screenshots/0051_1779733882966048_auto.png (attempt 18/20): gh: Not Found (HTTP 404)
[18:33:11] gh api failed: Delete screenshots/0051_1779733882966048_auto.png (attempt 19/20): gh: Not Found (HTTP 404)
[18:33:13] gh api failed: Delete screenshots/0051_1779733882966048_auto.png (attempt 20/20): gh: Not Found (HTTP 404)
[18:33:15] Screenshot screenshots/0058_1779733968752929_auto.png uploaded successfully.
[18:33:15] Taking screenshot: screenshots/0059_1779733995490313_auto.png
[18:33:15] Uploading screenshot synchronously: screenshots/0059_1779733995490313_auto.png
[18:33:19] Screenshot screenshots/0059_1779733995490313_auto.png uploaded successfully.
[18:33:20] Taking screenshot: screenshots/0060_1779734000490450_auto.png
[18:33:20] Agent alive
[18:33:20] New autonomous report: AUT-18-1779734000 -> Available memory: 14350 MB
[18:33:20] Uploading screenshot synchronously: screenshots/0060_1779734000490450_auto.png
[18:33:24] Sender published response comment.
[18:33:24] Screenshot screenshots/0060_1779734000490450_auto.png uploaded successfully.
[18:33:25] Taking screenshot: screenshots/0061_1779734005490586_auto.png
[18:33:25] Uploading screenshot synchronously: screenshots/0061_1779734005490586_auto.png
[18:33:26] gh api failed: Upload logs/command_mouse_keyboard.log (74150 bytes) (attempt 1/20): gh: is at 98e5cbbc998893ba4a02bb95ecbfea6736473fa9 but expected e3e55d687c47899c292495b7ae597dc393890e48 (HTTP 409)
[18:33:30] Sender published response comment.
[18:33:31] Screenshot screenshots/0061_1779734005490586_auto.png uploaded successfully.
[18:33:31] Taking screenshot: screenshots/0062_1779734011654751_auto.png
[18:33:31] Fetcher detected new App Commands comment.
[18:33:31] Acknowledged autonomous report AUT-17-1779733951
[18:33:32] Acknowledged autonomous report AUT-18-1779734000
[18:33:32] Uploading screenshot synchronously: screenshots/0062_1779734011654751_auto.png
[18:33:35] Screenshot screenshots/0062_1779734011654751_auto.png uploaded successfully.
[18:33:36] Taking screenshot: screenshots/0063_1779734016654895_auto.png
[18:33:37] Uploading screenshot synchronously: screenshots/0063_1779734016654895_auto.png
[18:33:39] Screenshot screenshots/0063_1779734016654895_auto.png uploaded successfully.
[18:33:41] Taking screenshot: screenshots/0064_1779734021655006_auto.png
[18:33:42] Uploading screenshot synchronously: screenshots/0064_1779734021655006_auto.png
[18:33:43] Screenshot screenshots/0064_1779734021655006_auto.png uploaded successfully.
[18:33:46] Taking screenshot: screenshots/0065_1779734026655177_auto.png
[18:33:47] Uploading screenshot synchronously: screenshots/0065_1779734026655177_auto.png
[18:33:50] Screenshot screenshots/0065_1779734026655177_auto.png uploaded successfully.
[18:33:50] Agent alive
[18:33:51] Taking screenshot: screenshots/0066_1779734031655301_auto.png
[18:33:52] Uploading screenshot synchronously: screenshots/0066_1779734031655301_auto.png
[18:33:54] Screenshot screenshots/0066_1779734031655301_auto.png uploaded successfully.
[18:33:56] Taking screenshot: screenshots/0067_1779734036655435_auto.png
[18:33:57] Uploading screenshot synchronously: screenshots/0067_1779734036655435_auto.png
[18:33:59] Screenshot screenshots/0067_1779734036655435_auto.png uploaded successfully.
[18:33:59] gh api failed: Delete screenshots/0060_1779734000490450_auto.png (attempt 1/20): gh: Not Found (HTTP 404)
[18:34:00] gh api failed: Delete screenshots/0060_1779734000490450_auto.png (attempt 2/20): gh: Not Found (HTTP 404)
[18:34:01] Taking screenshot: screenshots/0068_1779734041655584_auto.png
[18:34:02] Uploading screenshot synchronously: screenshots/0068_1779734041655584_auto.png
[18:34:02] gh api failed: Delete screenshots/0060_1779734000490450_auto.png (attempt 3/20): gh: Not Found (HTTP 404)
[18:34:03] gh api failed: Delete screenshots/0060_1779734000490450_auto.png (attempt 4/20): gh: Not Found (HTTP 404)
[18:34:04] gh api failed: Delete screenshots/0060_1779734000490450_auto.png (attempt 5/20): gh: Not Found (HTTP 404)
[18:34:06] gh api failed: Delete screenshots/0060_1779734000490450_auto.png (attempt 6/20): gh: Not Found (HTTP 404)
[18:34:07] gh api failed: Delete screenshots/0060_1779734000490450_auto.png (attempt 7/20): gh: Not Found (HTTP 404)
[18:34:09] gh api failed: Delete screenshots/0060_1779734000490450_auto.png (attempt 8/20): gh: Not Found (HTTP 404)
[18:34:10] gh api failed: Delete screenshots/0060_1779734000490450_auto.png (attempt 9/20): gh: Not Found (HTTP 404)
[18:34:11] gh api failed: Delete screenshots/0060_1779734000490450_auto.png (attempt 10/20): gh: Not Found (HTTP 404)
[18:34:13] gh api failed: Delete screenshots/0060_1779734000490450_auto.png (attempt 11/20): gh: Not Found (HTTP 404)
[18:34:14] gh api failed: Delete screenshots/0060_1779734000490450_auto.png (attempt 12/20): gh: Not Found (HTTP 404)
[18:34:15] gh api failed: Delete screenshots/0060_1779734000490450_auto.png (attempt 13/20): gh: Not Found (HTTP 404)
[18:34:17] gh api failed: Delete screenshots/0060_1779734000490450_auto.png (attempt 14/20): gh: Not Found (HTTP 404)
[18:34:18] gh api failed: Delete screenshots/0060_1779734000490450_auto.png (attempt 15/20): gh: Not Found (HTTP 404)
[18:34:19] gh api failed: Delete screenshots/0060_1779734000490450_auto.png (attempt 16/20): gh: Not Found (HTTP 404)
[18:34:20] Agent alive
[18:34:21] gh api failed: Delete screenshots/0060_1779734000490450_auto.png (attempt 17/20): gh: Not Found (HTTP 404)
[18:34:22] gh api failed: Delete screenshots/0060_1779734000490450_auto.png (attempt 18/20): gh: Not Found (HTTP 404)
[18:34:23] gh api failed: Delete screenshots/0060_1779734000490450_auto.png (attempt 19/20): gh: Not Found (HTTP 404)
[18:34:25] gh api failed: Delete screenshots/0060_1779734000490450_auto.png (attempt 20/20): gh: Not Found (HTTP 404)
[18:34:25] gh api failed: Delete screenshots/0061_1779734005490586_auto.png (attempt 1/20): gh: Not Found (HTTP 404)
[18:34:27] gh api failed: Delete screenshots/0061_1779734005490586_auto.png (attempt 2/20): gh: Not Found (HTTP 404)
[18:34:28] gh api failed: Delete screenshots/0061_1779734005490586_auto.png (attempt 3/20): gh: Not Found (HTTP 404)
[18:34:29] gh api failed: Delete screenshots/0061_1779734005490586_auto.png (attempt 4/20): gh: Not Found (HTTP 404)
[18:34:31] gh api failed: Delete screenshots/0061_1779734005490586_auto.png (attempt 5/20): gh: Not Found (HTTP 404)
[18:34:32] Fetcher detected new App Commands comment.
[18:34:32] Acknowledged autonomous report AUT-17-1779733951
[18:34:32] Acknowledged autonomous report AUT-18-1779734000
[18:34:32] Execution loop: processing APP-58519-20260525183247: tabs
[18:34:32] Enqueued for execution: APP-58519-20260525183247
[18:34:32] Enqueued for execution: APP-58520-20260525183247
[18:34:32] New autonomous report: AUT-19-1779734072 -> Tabs: 1: Channel dashboard - YouTube Studio
[18:34:32] Executed APP-58519-20260525183247 -> Tabs: 1: Channel dashboard - YouTube Studio
[18:34:32] Execution loop: processing APP-58520-20260525183247: dir
[18:34:32] Executed APP-58520-20260525183247 -> Files: (empty)
[18:34:32] gh api failed: Delete screenshots/0061_1779734005490586_auto.png (attempt 6/20): gh: Not Found (HTTP 404)
[18:34:33] gh api failed: Delete screenshots/0061_1779734005490586_auto.png (attempt 7/20): gh: Not Found (HTTP 404)
[18:34:35] gh api failed: Delete screenshots/0061_1779734005490586_auto.png (attempt 8/20): gh: Not Found (HTTP 404)
[18:34:35] Sender published response comment.
[18:34:36] gh api failed: Delete screenshots/0061_1779734005490586_auto.png (attempt 9/20): gh: Not Found (HTTP 404)
[18:34:37] Fetcher detected new App Commands comment.
[18:34:37] Acknowledged autonomous report AUT-18-1779734000
[18:34:37] Re‑enqueued existing report for APP-58519-20260525183247
[18:34:37] Re‑enqueued existing report for APP-58520-20260525183247
[18:34:38] gh api failed: Delete screenshots/0061_1779734005490586_auto.png (attempt 10/20): gh: Not Found (HTTP 404)
[18:34:39] gh api failed: Delete screenshots/0061_1779734005490586_auto.png (attempt 11/20): gh: Not Found (HTTP 404)
[18:34:40] gh api failed: Delete screenshots/0061_1779734005490586_auto.png (attempt 12/20): gh: Not Found (HTTP 404)
[18:34:41] Sender published response comment.
[18:34:42] gh api failed: Delete screenshots/0061_1779734005490586_auto.png (attempt 13/20): gh: Not Found (HTTP 404)
[18:34:43] Fetcher detected new App Commands comment.
[18:34:43] Acknowledged autonomous report AUT-18-1779734000
[18:34:43] Acknowledged autonomous report AUT-19-1779734072
[18:34:43] gh api failed: Delete screenshots/0061_1779734005490586_auto.png (attempt 14/20): gh: Not Found (HTTP 404)
[18:34:44] gh api failed: Delete screenshots/0061_1779734005490586_auto.png (attempt 15/20): gh: Not Found (HTTP 404)
[18:34:46] gh api failed: Delete screenshots/0061_1779734005490586_auto.png (attempt 16/20): gh: Not Found (HTTP 404)
[18:34:47] gh api failed: Delete screenshots/0061_1779734005490586_auto.png (attempt 17/20): gh: Not Found (HTTP 404)
[18:34:49] gh api failed: Delete screenshots/0061_1779734005490586_auto.png (attempt 18/20): gh: Not Found (HTTP 404)
[18:34:50] gh api failed: Delete screenshots/0061_1779734005490586_auto.png (attempt 19/20): gh: Not Found (HTTP 404)
[18:34:50] Agent alive
[18:34:51] gh api failed: Delete screenshots/0061_1779734005490586_auto.png (attempt 20/20): gh: Not Found (HTTP 404)
[18:34:53] Screenshot screenshots/0068_1779734041655584_auto.png uploaded successfully.
[18:34:53] Taking screenshot: screenshots/0069_1779734093756483_auto.png
[18:34:54] Uploading screenshot synchronously: screenshots/0069_1779734093756483_auto.png
[18:34:58] Screenshot screenshots/0069_1779734093756483_auto.png uploaded successfully.
[18:34:58] gh api failed: Delete screenshots/0063_1779734016654895_auto.png (attempt 1/20): gh: Not Found (HTTP 404)
[18:34:58] Taking screenshot: screenshots/0070_1779734098756667_auto.png
[18:34:59] Uploading screenshot synchronously: screenshots/0070_1779734098756667_auto.png
[18:34:59] gh api failed: Delete screenshots/0063_1779734016654895_auto.png (attempt 2/20): gh: Not Found (HTTP 404)
[18:35:01] gh api failed: Delete screenshots/0063_1779734016654895_auto.png (attempt 3/20): gh: Not Found (HTTP 404)
[18:35:02] gh api failed: Delete screenshots/0063_1779734016654895_auto.png (attempt 4/20): gh: Not Found (HTTP 404)
[18:35:04] gh api failed: Delete screenshots/0063_1779734016654895_auto.png (attempt 5/20): gh: Not Found (HTTP 404)
[18:35:05] gh api failed: Delete screenshots/0063_1779734016654895_auto.png (attempt 6/20): gh: Not Found (HTTP 404)
[18:35:06] gh api failed: Delete screenshots/0063_1779734016654895_auto.png (attempt 7/20): gh: Not Found (HTTP 404)
[18:35:08] gh api failed: Delete screenshots/0063_1779734016654895_auto.png (attempt 8/20): gh: Not Found (HTTP 404)
[18:35:09] gh api failed: Delete screenshots/0063_1779734016654895_auto.png (attempt 9/20): gh: Not Found (HTTP 404)
[18:35:10] gh api failed: Delete screenshots/0063_1779734016654895_auto.png (attempt 10/20): gh: Not Found (HTTP 404)
[18:35:12] gh api failed: Delete screenshots/0063_1779734016654895_auto.png (attempt 11/20): gh: Not Found (HTTP 404)
[18:35:13] gh api failed: Delete screenshots/0063_1779734016654895_auto.png (attempt 12/20): gh: Not Found (HTTP 404)
[18:35:14] gh api failed: Delete screenshots/0063_1779734016654895_auto.png (attempt 13/20): gh: Not Found (HTTP 404)
[18:35:16] gh api failed: Delete screenshots/0063_1779734016654895_auto.png (attempt 14/20): gh: Not Found (HTTP 404)
[18:35:17] gh api failed: Delete screenshots/0063_1779734016654895_auto.png (attempt 15/20): gh: Not Found (HTTP 404)
[18:35:18] gh api failed: Delete screenshots/0063_1779734016654895_auto.png (attempt 16/20): gh: Not Found (HTTP 404)
[18:35:20] gh api failed: Delete screenshots/0063_1779734016654895_auto.png (attempt 17/20): gh: Not Found (HTTP 404)
[18:35:20] Agent alive
[18:35:21] New autonomous report: AUT-20-1779734121 -> Available memory: 14386 MB
[18:35:21] gh api failed: Delete screenshots/0063_1779734016654895_auto.png (attempt 18/20): gh: Not Found (HTTP 404)
[18:35:23] gh api failed: Delete screenshots/0063_1779734016654895_auto.png (attempt 19/20): gh: Not Found (HTTP 404)
[18:35:24] gh api failed: Delete screenshots/0063_1779734016654895_auto.png (attempt 20/20): gh: Not Found (HTTP 404)
[18:35:26] Sender published response comment.
[18:35:26] Screenshot screenshots/0070_1779734098756667_auto.png uploaded successfully.
[18:35:26] Taking screenshot: screenshots/0071_1779734126560681_auto.png
[18:35:27] Fetcher detected new App Commands comment.
[18:35:27] Acknowledged autonomous report AUT-19-1779734072
[18:35:27] Uploading screenshot synchronously: screenshots/0071_1779734126560681_auto.png
[18:35:30] gh api failed: Upload screenshots/0071_1779734126560681_auto.png (352468 bytes) (attempt 1/20): gh: is at b9f73cb865e3016bbb06ff28e0751b2d87657056 but expected 9f0d8435010809263c7115a2c4567c02eb912828 (HTTP 409)
[18:35:32] Sender published response comment.
[18:35:32] Fetcher detected new App Commands comment.
[18:35:32] Acknowledged autonomous report AUT-19-1779734072
[18:35:32] Acknowledged autonomous report AUT-20-1779734121
[18:35:33] Screenshot screenshots/0071_1779734126560681_auto.png uploaded successfully.
[18:35:33] Taking screenshot: screenshots/0072_1779734133394884_auto.png
[18:35:33] gh api failed: Delete screenshots/0065_1779734026655177_auto.png (attempt 1/20): gh: Not Found (HTTP 404)
[18:35:33] Uploading screenshot synchronously: screenshots/0072_1779734133394884_auto.png
[18:35:35] gh api failed: Delete screenshots/0065_1779734026655177_auto.png (attempt 2/20): gh: Not Found (HTTP 404)
[18:35:36] gh api failed: Delete screenshots/0065_1779734026655177_auto.png (attempt 3/20): gh: Not Found (HTTP 404)
[18:35:37] gh api failed: Delete screenshots/0065_1779734026655177_auto.png (attempt 4/20): gh: Not Found (HTTP 404)
[18:35:39] gh api failed: Delete screenshots/0065_1779734026655177_auto.png (attempt 5/20): gh: Not Found (HTTP 404)
[18:35:40] gh api failed: Delete screenshots/0065_1779734026655177_auto.png (attempt 6/20): gh: Not Found (HTTP 404)
[18:35:41] gh api failed: Delete screenshots/0065_1779734026655177_auto.png (attempt 7/20): gh: Not Found (HTTP 404)
[18:35:43] gh api failed: Delete screenshots/0065_1779734026655177_auto.png (attempt 8/20): gh: Not Found (HTTP 404)
[18:35:44] gh api failed: Delete screenshots/0065_1779734026655177_auto.png (attempt 9/20): gh: Not Found (HTTP 404)
[18:35:45] gh api failed: Delete screenshots/0065_1779734026655177_auto.png (attempt 10/20): gh: Not Found (HTTP 404)
[18:35:47] gh api failed: Delete screenshots/0065_1779734026655177_auto.png (attempt 11/20): gh: Not Found (HTTP 404)
[18:35:48] gh api failed: Delete screenshots/0065_1779734026655177_auto.png (attempt 12/20): gh: Not Found (HTTP 404)
[18:35:50] gh api failed: Delete screenshots/0065_1779734026655177_auto.png (attempt 13/20): gh: Not Found (HTTP 404)
[18:35:50] Agent alive
[18:35:51] gh api failed: Delete screenshots/0065_1779734026655177_auto.png (attempt 14/20): gh: Not Found (HTTP 404)
[18:35:52] gh api failed: Delete screenshots/0065_1779734026655177_auto.png (attempt 15/20): gh: Not Found (HTTP 404)
[18:35:54] gh api failed: Delete screenshots/0065_1779734026655177_auto.png (attempt 16/20): gh: Not Found (HTTP 404)
[18:35:55] gh api failed: Delete screenshots/0065_1779734026655177_auto.png (attempt 17/20): gh: Not Found (HTTP 404)
[18:35:56] gh api failed: Delete screenshots/0065_1779734026655177_auto.png (attempt 18/20): gh: Not Found (HTTP 404)
[18:35:58] gh api failed: Delete screenshots/0065_1779734026655177_auto.png (attempt 19/20): gh: Not Found (HTTP 404)
[18:35:59] gh api failed: Delete screenshots/0065_1779734026655177_auto.png (attempt 20/20): gh: Not Found (HTTP 404)
[18:36:01] Screenshot screenshots/0072_1779734133394884_auto.png uploaded successfully.
[18:36:01] Taking screenshot: screenshots/0073_1779734161846872_auto.png
[18:36:02] Uploading screenshot synchronously: screenshots/0073_1779734161846872_auto.png
[18:36:06] Screenshot screenshots/0073_1779734161846872_auto.png uploaded successfully.
[18:36:06] Taking screenshot: screenshots/0074_1779734166846990_auto.png
[18:36:07] Uploading screenshot synchronously: screenshots/0074_1779734166846990_auto.png
[18:36:11] Screenshot screenshots/0074_1779734166846990_auto.png uploaded successfully.
[18:36:11] Taking screenshot: screenshots/0075_1779734171847086_auto.png
[18:36:12] Uploading screenshot synchronously: screenshots/0075_1779734171847086_auto.png
[18:36:14] Screenshot screenshots/0075_1779734171847086_auto.png uploaded successfully.
[18:36:16] Taking screenshot: screenshots/0076_1779734176847191_auto.png
[18:36:17] Uploading screenshot synchronously: screenshots/0076_1779734176847191_auto.png
[18:36:20] Agent alive
[18:36:21] Screenshot screenshots/0076_1779734176847191_auto.png uploaded successfully.
[18:36:21] Taking screenshot: screenshots/0077_1779734181847359_auto.png
[18:36:22] Uploading screenshot synchronously: screenshots/0077_1779734181847359_auto.png
[18:36:25] Screenshot screenshots/0077_1779734181847359_auto.png uploaded successfully.
[18:36:26] Taking screenshot: screenshots/0078_1779734186847487_auto.png
[18:36:27] Uploading screenshot synchronously: screenshots/0078_1779734186847487_auto.png
[18:36:31] Screenshot screenshots/0078_1779734186847487_auto.png uploaded successfully.
[18:36:31] Taking screenshot: screenshots/0079_1779734191847597_auto.png
[18:36:32] Uploading screenshot synchronously: screenshots/0079_1779734191847597_auto.png
[18:36:32] Fetcher detected new App Commands comment.
[18:36:32] Acknowledged autonomous report AUT-19-1779734072
[18:36:32] Acknowledged autonomous report AUT-20-1779734121
[18:36:32] Execution loop: processing APP-58523-20260525183447: tabs
[18:36:32] Enqueued for execution: APP-58523-20260525183447
[18:36:32] Enqueued for execution: APP-58524-20260525183447
[18:36:32] New autonomous report: AUT-21-1779734192 -> Tabs: 1: Channel dashboard - YouTube Studio
[18:36:32] Executed APP-58523-20260525183447 -> Tabs: 1: Channel dashboard - YouTube Studio
[18:36:32] Execution loop: processing APP-58524-20260525183447: dir
[18:36:32] Executed APP-58524-20260525183447 -> Files: (empty)
[18:36:35] Screenshot screenshots/0079_1779734191847597_auto.png uploaded successfully.
[18:36:36] Taking screenshot: screenshots/0080_1779734196847756_auto.png
[18:36:37] Uploading screenshot synchronously: screenshots/0080_1779734196847756_auto.png
[18:36:37] Sender published response comment.
[18:36:38] gh api failed: Upload logs/command_mouse_keyboard.log (91513 bytes) (attempt 1/20): gh: is at be0802e421af079bd729ad015cabab37eb9f380b but expected 10b0c4804152ad3abc437a6c92ab9e6b13f59ee4 (HTTP 409)
[18:36:43] Sender published response comment.
[18:36:43] Screenshot screenshots/0080_1779734196847756_auto.png uploaded successfully.
[18:36:43] Taking screenshot: screenshots/0081_1779734203075503_auto.png
[18:36:43] Uploading screenshot synchronously: screenshots/0081_1779734203075503_auto.png
[18:36:44] Fetcher detected new App Commands comment.
[18:36:44] Acknowledged autonomous report AUT-20-1779734121
[18:36:44] Acknowledged autonomous report AUT-21-1779734192
[18:36:47] Screenshot screenshots/0081_1779734203075503_auto.png uploaded successfully.
[18:36:48] Taking screenshot: screenshots/0082_1779734208075649_auto.png
[18:36:48] Uploading screenshot synchronously: screenshots/0082_1779734208075649_auto.png
[18:36:50] Agent alive
[18:36:51] Screenshot screenshots/0082_1779734208075649_auto.png uploaded successfully.
[18:36:53] Taking screenshot: screenshots/0083_1779734213075731_auto.png
[18:36:53] Uploading screenshot synchronously: screenshots/0083_1779734213075731_auto.png
[18:36:57] Screenshot screenshots/0083_1779734213075731_auto.png uploaded successfully.
[18:36:58] Taking screenshot: screenshots/0084_1779734218075873_auto.png
[18:36:58] Uploading screenshot synchronously: screenshots/0084_1779734218075873_auto.png
[18:37:02] Screenshot screenshots/0084_1779734218075873_auto.png uploaded successfully.
[18:37:03] Taking screenshot: screenshots/0085_1779734223075946_auto.png
[18:37:03] Uploading screenshot synchronously: screenshots/0085_1779734223075946_auto.png
[18:37:06] Screenshot screenshots/0085_1779734223075946_auto.png uploaded successfully.
[18:37:08] Taking screenshot: screenshots/0086_1779734228076109_auto.png
[18:37:08] Uploading screenshot synchronously: screenshots/0086_1779734228076109_auto.png
[18:37:10] gh api failed: Upload screenshots/0086_1779734228076109_auto.png (352468 bytes) (attempt 1/20): gh: is at 265bb8c35211a1b445587ce3f1b0ec9f86dc5051 but expected 53b905a081b6b33c9727f7e0f12d249f14a8dc7d (HTTP 409)
[18:37:13] Screenshot screenshots/0086_1779734228076109_auto.png uploaded successfully.
[18:37:13] Taking screenshot: screenshots/0087_1779734233636182_auto.png
[18:37:13] gh api failed: Delete screenshots/0078_1779734186847487_auto.png (attempt 1/20): gh: Not Found (HTTP 404)
[18:37:14] Uploading screenshot synchronously: screenshots/0087_1779734233636182_auto.png
[18:37:15] gh api failed: Delete screenshots/0078_1779734186847487_auto.png (attempt 2/20): gh: Not Found (HTTP 404)
[18:37:16] gh api failed: Delete screenshots/0078_1779734186847487_auto.png (attempt 3/20): gh: Not Found (HTTP 404)
[18:37:17] gh api failed: Delete screenshots/0078_1779734186847487_auto.png (attempt 4/20): gh: Not Found (HTTP 404)
[18:37:19] gh api failed: Delete screenshots/0078_1779734186847487_auto.png (attempt 5/20): gh: Not Found (HTTP 404)
[18:37:20] gh api failed: Delete screenshots/0078_1779734186847487_auto.png (attempt 6/20): gh: Not Found (HTTP 404)
[18:37:20] Agent alive
[18:37:20] New autonomous report: AUT-22-1779734240 -> Available memory: 14388 MB
[18:37:22] gh api failed: Delete screenshots/0078_1779734186847487_auto.png (attempt 7/20): gh: Not Found (HTTP 404)
[18:37:23] gh api failed: Delete screenshots/0078_1779734186847487_auto.png (attempt 8/20): gh: Not Found (HTTP 404)
[18:37:23] Sender published response comment.
[18:37:24] gh api failed: Delete screenshots/0078_1779734186847487_auto.png (attempt 9/20): gh: Not Found (HTTP 404)
[18:37:26] gh api failed: Delete screenshots/0078_1779734186847487_auto.png (attempt 10/20): gh: Not Found (HTTP 404)
[18:37:27] gh api failed: Delete screenshots/0078_1779734186847487_auto.png (attempt 11/20): gh: Not Found (HTTP 404)
[18:37:28] Fetcher detected new App Commands comment.
[18:37:28] Acknowledged autonomous report AUT-20-1779734121
[18:37:28] Acknowledged autonomous report AUT-21-1779734192
[18:37:28] Acknowledged autonomous report AUT-22-1779734240
[18:37:28] gh api failed: Delete screenshots/0078_1779734186847487_auto.png (attempt 12/20): gh: Not Found (HTTP 404)
[18:37:30] gh api failed: Delete screenshots/0078_1779734186847487_auto.png (attempt 13/20): gh: Not Found (HTTP 404)
[18:37:31] gh api failed: Delete screenshots/0078_1779734186847487_auto.png (attempt 14/20): gh: Not Found (HTTP 404)
[18:37:32] gh api failed: Delete screenshots/0078_1779734186847487_auto.png (attempt 15/20): gh: Not Found (HTTP 404)
[18:37:33] Fetcher detected new App Commands comment.
[18:37:33] Acknowledged autonomous report AUT-21-1779734192
[18:37:33] Acknowledged autonomous report AUT-22-1779734240
[18:37:34] gh api failed: Delete screenshots/0078_1779734186847487_auto.png (attempt 16/20): gh: Not Found (HTTP 404)
[18:37:35] gh api failed: Delete screenshots/0078_1779734186847487_auto.png (attempt 17/20): gh: Not Found (HTTP 404)
[18:37:37] gh api failed: Delete screenshots/0078_1779734186847487_auto.png (attempt 18/20): gh: Not Found (HTTP 404)
[18:37:38] gh api failed: Delete screenshots/0078_1779734186847487_auto.png (attempt 19/20): gh: Not Found (HTTP 404)
[18:37:39] gh api failed: Delete screenshots/0078_1779734186847487_auto.png (attempt 20/20): gh: Not Found (HTTP 404)
[18:37:40] gh api failed: Delete screenshots/0079_1779734191847597_auto.png (attempt 1/20): gh: Not Found (HTTP 404)
[18:37:41] gh api failed: Delete screenshots/0079_1779734191847597_auto.png (attempt 2/20): gh: Not Found (HTTP 404)
[18:37:43] gh api failed: Delete screenshots/0079_1779734191847597_auto.png (attempt 3/20): gh: Not Found (HTTP 404)
[18:37:44] gh api failed: Delete screenshots/0079_1779734191847597_auto.png (attempt 4/20): gh: Not Found (HTTP 404)
[18:37:45] gh api failed: Delete screenshots/0079_1779734191847597_auto.png (attempt 5/20): gh: Not Found (HTTP 404)
[18:37:47] gh api failed: Delete screenshots/0079_1779734191847597_auto.png (attempt 6/20): gh: Not Found (HTTP 404)
[18:37:48] gh api failed: Delete screenshots/0079_1779734191847597_auto.png (attempt 7/20): gh: Not Found (HTTP 404)
[18:37:50] gh api failed: Delete screenshots/0079_1779734191847597_auto.png (attempt 8/20): gh: Not Found (HTTP 404)
[18:37:50] Agent alive
[18:37:51] gh api failed: Delete screenshots/0079_1779734191847597_auto.png (attempt 9/20): gh: Not Found (HTTP 404)
[18:37:52] gh api failed: Delete screenshots/0079_1779734191847597_auto.png (attempt 10/20): gh: Not Found (HTTP 404)
[18:37:54] gh api failed: Delete screenshots/0079_1779734191847597_auto.png (attempt 11/20): gh: Not Found (HTTP 404)
[18:37:55] gh api failed: Delete screenshots/0079_1779734191847597_auto.png (attempt 12/20): gh: Not Found (HTTP 404)
[18:37:56] gh api failed: Delete screenshots/0079_1779734191847597_auto.png (attempt 13/20): gh: Not Found (HTTP 404)
[18:37:58] gh api failed: Delete screenshots/0079_1779734191847597_auto.png (attempt 14/20): gh: Not Found (HTTP 404)
[18:37:59] gh api failed: Delete screenshots/0079_1779734191847597_auto.png (attempt 15/20): gh: Not Found (HTTP 404)
[18:38:00] gh api failed: Delete screenshots/0079_1779734191847597_auto.png (attempt 16/20): gh: Not Found (HTTP 404)
[18:38:02] gh api failed: Delete screenshots/0079_1779734191847597_auto.png (attempt 17/20): gh: Not Found (HTTP 404)
[18:38:03] gh api failed: Delete screenshots/0079_1779734191847597_auto.png (attempt 18/20): gh: Not Found (HTTP 404)
[18:38:04] gh api failed: Delete screenshots/0079_1779734191847597_auto.png (attempt 19/20): gh: Not Found (HTTP 404)
[18:38:06] gh api failed: Delete screenshots/0079_1779734191847597_auto.png (attempt 20/20): gh: Not Found (HTTP 404)
[18:38:06] gh api failed: Delete screenshots/0080_1779734196847756_auto.png (attempt 1/20): gh: Not Found (HTTP 404)
[18:38:07] gh api failed: Delete screenshots/0080_1779734196847756_auto.png (attempt 2/20): gh: Not Found (HTTP 404)
[18:38:09] gh api failed: Delete screenshots/0080_1779734196847756_auto.png (attempt 3/20): gh: Not Found (HTTP 404)
[18:38:10] gh api failed: Delete screenshots/0080_1779734196847756_auto.png (attempt 4/20): gh: Not Found (HTTP 404)
[18:38:11] gh api failed: Delete screenshots/0080_1779734196847756_auto.png (attempt 5/20): gh: Not Found (HTTP 404)
[18:38:13] gh api failed: Delete screenshots/0080_1779734196847756_auto.png (attempt 6/20): gh: Not Found (HTTP 404)
[18:38:14] gh api failed: Delete screenshots/0080_1779734196847756_auto.png (attempt 7/20): gh: Not Found (HTTP 404)
[18:38:16] gh api failed: Delete screenshots/0080_1779734196847756_auto.png (attempt 8/20): gh: Not Found (HTTP 404)
[18:38:17] gh api failed: Delete screenshots/0080_1779734196847756_auto.png (attempt 9/20): gh: Not Found (HTTP 404)
[18:38:18] gh api failed: Delete screenshots/0080_1779734196847756_auto.png (attempt 10/20): gh: Not Found (HTTP 404)
[18:38:20] gh api failed: Delete screenshots/0080_1779734196847756_auto.png (attempt 11/20): gh: Not Found (HTTP 404)
[18:38:20] Agent alive
[18:38:21] gh api failed: Delete screenshots/0080_1779734196847756_auto.png (attempt 12/20): gh: Not Found (HTTP 404)
[18:38:22] gh api failed: Delete screenshots/0080_1779734196847756_auto.png (attempt 13/20): gh: Not Found (HTTP 404)
[18:38:24] gh api failed: Delete screenshots/0080_1779734196847756_auto.png (attempt 14/20): gh: Not Found (HTTP 404)
[18:38:25] gh api failed: Delete screenshots/0080_1779734196847756_auto.png (attempt 15/20): gh: Not Found (HTTP 404)
[18:38:26] gh api failed: Delete screenshots/0080_1779734196847756_auto.png (attempt 16/20): gh: Not Found (HTTP 404)
[18:38:28] gh api failed: Delete screenshots/0080_1779734196847756_auto.png (attempt 17/20): gh: Not Found (HTTP 404)
[18:38:29] gh api failed: Delete screenshots/0080_1779734196847756_auto.png (attempt 18/20): gh: Not Found (HTTP 404)
[18:38:30] gh api failed: Delete screenshots/0080_1779734196847756_auto.png (attempt 19/20): gh: Not Found (HTTP 404)
[18:38:32] gh api failed: Delete screenshots/0080_1779734196847756_auto.png (attempt 20/20): gh: Not Found (HTTP 404)
[18:38:34] Fetcher detected new App Commands comment.
[18:38:34] Acknowledged autonomous report AUT-21-1779734192
[18:38:34] Acknowledged autonomous report AUT-22-1779734240
[18:38:34] Enqueued for execution: APP-58527-20260525183647
[18:38:34] Execution loop: processing APP-58527-20260525183647: tabs
[18:38:34] Enqueued for execution: APP-58528-20260525183648
[18:38:34] New autonomous report: AUT-23-1779734314 -> Tabs: 1: Channel dashboard - YouTube Studio
[18:38:34] Executed APP-58527-20260525183647 -> Tabs: 1: Channel dashboard - YouTube Studio
[18:38:34] Execution loop: processing APP-58528-20260525183648: dir
[18:38:34] Executed APP-58528-20260525183648 -> Files: (empty)
[18:38:34] Screenshot screenshots/0087_1779734233636182_auto.png uploaded successfully.
[18:38:34] Taking screenshot: screenshots/0088_1779734314358965_auto.png
[18:38:34] Uploading screenshot synchronously: screenshots/0088_1779734314358965_auto.png
[18:38:38] Screenshot screenshots/0088_1779734314358965_auto.png uploaded successfully.
[18:38:38] Sender published response comment.
[18:38:39] Taking screenshot: screenshots/0089_1779734319359076_auto.png
[18:38:39] Uploading screenshot synchronously: screenshots/0089_1779734319359076_auto.png
[18:38:43] Screenshot screenshots/0089_1779734319359076_auto.png uploaded successfully.
[18:38:44] Taking screenshot: screenshots/0090_1779734324359230_auto.png
[18:38:44] Sender published response comment.
[18:38:44] Uploading screenshot synchronously: screenshots/0090_1779734324359230_auto.png
[18:38:45] Fetcher detected new App Commands comment.
[18:38:45] Acknowledged autonomous report AUT-22-1779734240
[18:38:45] Acknowledged autonomous report AUT-23-1779734314
[18:38:47] Screenshot screenshots/0090_1779734324359230_auto.png uploaded successfully.
[18:38:49] Taking screenshot: screenshots/0091_1779734329359314_auto.png
[18:38:49] Uploading screenshot synchronously: screenshots/0091_1779734329359314_auto.png
[18:38:50] Agent alive
[18:38:51] Screenshot screenshots/0091_1779734329359314_auto.png uploaded successfully.
[18:38:52] gh api failed: Delete screenshots/0084_1779734218075873_auto.png (attempt 1/20): gh: Not Found (HTTP 404)
[18:38:53] gh api failed: Delete screenshots/0084_1779734218075873_auto.png (attempt 2/20): gh: Not Found (HTTP 404)
[18:38:54] Taking screenshot: screenshots/0092_1779734334359467_auto.png
[18:38:54] Uploading screenshot synchronously: screenshots/0092_1779734334359467_auto.png
[18:38:54] gh api failed: Delete screenshots/0084_1779734218075873_auto.png (attempt 3/20): gh: Not Found (HTTP 404)
[18:38:56] gh api failed: Delete screenshots/0084_1779734218075873_auto.png (attempt 4/20): gh: Not Found (HTTP 404)
[18:38:57] gh api failed: Delete screenshots/0084_1779734218075873_auto.png (attempt 5/20): gh: Not Found (HTTP 404)
[18:38:58] gh api failed: Delete screenshots/0084_1779734218075873_auto.png (attempt 6/20): gh: Not Found (HTTP 404)
[18:39:00] gh api failed: Delete screenshots/0084_1779734218075873_auto.png (attempt 7/20): gh: Not Found (HTTP 404)
[18:39:01] gh api failed: Delete screenshots/0084_1779734218075873_auto.png (attempt 8/20): gh: Not Found (HTTP 404)
[18:39:02] gh api failed: Delete screenshots/0084_1779734218075873_auto.png (attempt 9/20): gh: Not Found (HTTP 404)
[18:39:04] gh api failed: Delete screenshots/0084_1779734218075873_auto.png (attempt 10/20): gh: Not Found (HTTP 404)
[18:39:05] gh api failed: Delete screenshots/0084_1779734218075873_auto.png (attempt 11/20): gh: Not Found (HTTP 404)
[18:39:06] gh api failed: Delete screenshots/0084_1779734218075873_auto.png (attempt 12/20): gh: Not Found (HTTP 404)
[18:39:08] gh api failed: Delete screenshots/0084_1779734218075873_auto.png (attempt 13/20): gh: Not Found (HTTP 404)
[18:39:09] gh api failed: Delete screenshots/0084_1779734218075873_auto.png (attempt 14/20): gh: Not Found (HTTP 404)
[18:39:10] gh api failed: Delete screenshots/0084_1779734218075873_auto.png (attempt 15/20): gh: Not Found (HTTP 404)
[18:39:12] gh api failed: Delete screenshots/0084_1779734218075873_auto.png (attempt 16/20): gh: Not Found (HTTP 404)
[18:39:13] gh api failed: Delete screenshots/0084_1779734218075873_auto.png (attempt 17/20): gh: Not Found (HTTP 404)
[18:39:14] gh api failed: Delete screenshots/0084_1779734218075873_auto.png (attempt 18/20): gh: Not Found (HTTP 404)
[18:39:16] gh api failed: Delete screenshots/0084_1779734218075873_auto.png (attempt 19/20): gh: Not Found (HTTP 404)
[18:39:17] gh api failed: Delete screenshots/0084_1779734218075873_auto.png (attempt 20/20): gh: Not Found (HTTP 404)
[18:39:17] gh api failed: Delete screenshots/0085_1779734223075946_auto.png (attempt 1/20): gh: Not Found (HTTP 404)
[18:39:19] gh api failed: Delete screenshots/0085_1779734223075946_auto.png (attempt 2/20): gh: Not Found (HTTP 404)
[18:39:20] gh api failed: Delete screenshots/0085_1779734223075946_auto.png (attempt 3/20): gh: Not Found (HTTP 404)
[18:39:20] Agent alive
[18:39:20] New autonomous report: AUT-24-1779734360 -> Available memory: 14393 MB
[18:39:21] gh api failed: Delete screenshots/0085_1779734223075946_auto.png (attempt 4/20): gh: Not Found (HTTP 404)
[18:39:23] gh api failed: Delete screenshots/0085_1779734223075946_auto.png (attempt 5/20): gh: Not Found (HTTP 404)
[18:39:24] gh api failed: Delete screenshots/0085_1779734223075946_auto.png (attempt 6/20): gh: Not Found (HTTP 404)
[18:39:24] Sender published response comment.
[18:39:26] gh api failed: Delete screenshots/0085_1779734223075946_auto.png (attempt 7/20): gh: Not Found (HTTP 404)
[18:39:27] gh api failed: Delete screenshots/0085_1779734223075946_auto.png (attempt 8/20): gh: Not Found (HTTP 404)
[18:39:28] gh api failed: Delete screenshots/0085_1779734223075946_auto.png (attempt 9/20): gh: Not Found (HTTP 404)
[18:39:29] Fetcher detected new App Commands comment.
[18:39:29] Acknowledged autonomous report AUT-23-1779734314
[18:39:29] Acknowledged autonomous report AUT-24-1779734360
[18:39:30] gh api failed: Delete screenshots/0085_1779734223075946_auto.png (attempt 10/20): gh: Not Found (HTTP 404)
[18:39:31] gh api failed: Delete screenshots/0085_1779734223075946_auto.png (attempt 11/20): gh: Not Found (HTTP 404)
[18:39:32] gh api failed: Delete screenshots/0085_1779734223075946_auto.png (attempt 12/20): gh: Not Found (HTTP 404)
[18:39:34] gh api failed: Delete screenshots/0085_1779734223075946_auto.png (attempt 13/20): gh: Not Found (HTTP 404)
[18:39:35] gh api failed: Delete screenshots/0085_1779734223075946_auto.png (attempt 14/20): gh: Not Found (HTTP 404)
[18:39:37] gh api failed: Delete screenshots/0085_1779734223075946_auto.png (attempt 15/20): gh: Not Found (HTTP 404)
[18:39:38] gh api failed: Delete screenshots/0085_1779734223075946_auto.png (attempt 16/20): gh: Not Found (HTTP 404)
[18:39:39] gh api failed: Delete screenshots/0085_1779734223075946_auto.png (attempt 17/20): gh: Not Found (HTTP 404)
[18:39:41] gh api failed: Delete screenshots/0085_1779734223075946_auto.png (attempt 18/20): gh: Not Found (HTTP 404)
[18:39:42] gh api failed: Delete screenshots/0085_1779734223075946_auto.png (attempt 19/20): gh: Not Found (HTTP 404)
[18:39:43] gh api failed: Delete screenshots/0085_1779734223075946_auto.png (attempt 20/20): gh: Not Found (HTTP 404)
[18:39:45] Screenshot screenshots/0092_1779734334359467_auto.png uploaded successfully.
[18:39:45] Taking screenshot: screenshots/0093_1779734385869597_auto.png
[18:39:46] Uploading screenshot synchronously: screenshots/0093_1779734385869597_auto.png
[18:39:50] Screenshot screenshots/0093_1779734385869597_auto.png uploaded successfully.
[18:39:50] Taking screenshot: screenshots/0094_1779734390869773_auto.png
[18:39:50] Agent alive
[18:39:51] gh api failed: Delete screenshots/0087_1779734233636182_auto.png (attempt 1/20): gh: is at 07c9a79aa0e10540a3efeb81d29e8437e82ba52e but expected 1a644fa18780545a31b3843f01eabc009fde5d52 (HTTP 409)
[18:39:51] Uploading screenshot synchronously: screenshots/0094_1779734390869773_auto.png
[18:39:52] gh api failed: Delete screenshots/0087_1779734233636182_auto.png (attempt 2/20): gh: Not Found (HTTP 404)
[18:39:53] gh api failed: Delete screenshots/0087_1779734233636182_auto.png (attempt 3/20): gh: Not Found (HTTP 404)
[18:39:55] gh api failed: Delete screenshots/0087_1779734233636182_auto.png (attempt 4/20): gh: Not Found (HTTP 404)
[18:39:56] gh api failed: Delete screenshots/0087_1779734233636182_auto.png (attempt 5/20): gh: Not Found (HTTP 404)
[18:39:57] gh api failed: Delete screenshots/0087_1779734233636182_auto.png (attempt 6/20): gh: Not Found (HTTP 404)
[18:39:59] gh api failed: Delete screenshots/0087_1779734233636182_auto.png (attempt 7/20): gh: Not Found (HTTP 404)
[18:40:00] gh api failed: Delete screenshots/0087_1779734233636182_auto.png (attempt 8/20): gh: Not Found (HTTP 404)
[18:40:01] gh api failed: Delete screenshots/0087_1779734233636182_auto.png (attempt 9/20): gh: Not Found (HTTP 404)
[18:40:03] gh api failed: Delete screenshots/0087_1779734233636182_auto.png (attempt 10/20): gh: Not Found (HTTP 404)
[18:40:04] gh api failed: Delete screenshots/0087_1779734233636182_auto.png (attempt 11/20): gh: Not Found (HTTP 404)
[18:40:05] gh api failed: Delete screenshots/0087_1779734233636182_auto.png (attempt 12/20): gh: Not Found (HTTP 404)
[18:40:07] gh api failed: Delete screenshots/0087_1779734233636182_auto.png (attempt 13/20): gh: Not Found (HTTP 404)
[18:40:08] gh api failed: Delete screenshots/0087_1779734233636182_auto.png (attempt 14/20): gh: Not Found (HTTP 404)
[18:40:09] gh api failed: Delete screenshots/0087_1779734233636182_auto.png (attempt 15/20): gh: Not Found (HTTP 404)
[18:40:11] gh api failed: Delete screenshots/0087_1779734233636182_auto.png (attempt 16/20): gh: Not Found (HTTP 404)
[18:40:12] gh api failed: Delete screenshots/0087_1779734233636182_auto.png (attempt 17/20): gh: Not Found (HTTP 404)
[18:40:13] gh api failed: Delete screenshots/0087_1779734233636182_auto.png (attempt 18/20): gh: Not Found (HTTP 404)
[18:40:15] gh api failed: Delete screenshots/0087_1779734233636182_auto.png (attempt 19/20): gh: Not Found (HTTP 404)
[18:40:16] gh api failed: Delete screenshots/0087_1779734233636182_auto.png (attempt 20/20): gh: Not Found (HTTP 404)
[18:40:19] Screenshot screenshots/0094_1779734390869773_auto.png uploaded successfully.
[18:40:19] Taking screenshot: screenshots/0095_1779734419125406_auto.png
[18:40:19] Uploading screenshot synchronously: screenshots/0095_1779734419125406_auto.png
[18:40:20] Agent alive
[18:40:22] gh api failed: Upload screenshots/0095_1779734419125406_auto.png (352468 bytes) (attempt 1/20): gh: is at 227be757250342b69238011978788f43b01d54b7 but expected 2f6c39529ca12e9dac43f728485f203d46767e52 (HTTP 409)
[18:40:25] Screenshot screenshots/0095_1779734419125406_auto.png uploaded successfully.
[18:40:25] Taking screenshot: screenshots/0096_1779734425600788_auto.png
[18:40:26] gh api failed: Delete screenshots/0089_1779734319359076_auto.png (attempt 1/20): gh: Not Found (HTTP 404)
[18:40:26] Uploading screenshot synchronously: screenshots/0096_1779734425600788_auto.png
[18:40:27] gh api failed: Delete screenshots/0089_1779734319359076_auto.png (attempt 2/20): gh: Not Found (HTTP 404)
[18:40:28] gh api failed: Delete screenshots/0089_1779734319359076_auto.png (attempt 3/20): gh: Not Found (HTTP 404)
[18:40:30] gh api failed: Delete screenshots/0089_1779734319359076_auto.png (attempt 4/20): gh: Not Found (HTTP 404)
[18:40:31] gh api failed: Delete screenshots/0089_1779734319359076_auto.png (attempt 5/20): gh: Not Found (HTTP 404)
[18:40:32] gh api failed: Delete screenshots/0089_1779734319359076_auto.png (attempt 6/20): gh: Not Found (HTTP 404)
[18:40:34] gh api failed: Delete screenshots/0089_1779734319359076_auto.png (attempt 7/20): gh: Not Found (HTTP 404)
[18:40:34] Fetcher detected new App Commands comment.
[18:40:34] Acknowledged autonomous report AUT-23-1779734314
[18:40:34] Acknowledged autonomous report AUT-24-1779734360
[18:40:34] Enqueued for execution: APP-58531-20260525183847
[18:40:34] Execution loop: processing APP-58531-20260525183847: tabs
[18:40:34] Enqueued for execution: APP-58532-20260525183848
[18:40:34] New autonomous report: AUT-25-1779734434 -> Tabs: 1: Channel dashboard - YouTube Studio
[18:40:34] Executed APP-58531-20260525183847 -> Tabs: 1: Channel dashboard - YouTube Studio
[18:40:34] Execution loop: processing APP-58532-20260525183848: dir
[18:40:34] Executed APP-58532-20260525183848 -> Files: (empty)
[18:40:35] Sender published response comment.
[18:40:35] gh api failed: Delete screenshots/0089_1779734319359076_auto.png (attempt 8/20): gh: Not Found (HTTP 404)
[18:40:36] gh api failed: Delete screenshots/0089_1779734319359076_auto.png (attempt 9/20): gh: Not Found (HTTP 404)
[18:40:38] gh api failed: Delete screenshots/0089_1779734319359076_auto.png (attempt 10/20): gh: Not Found (HTTP 404)
[18:40:39] gh api failed: Delete screenshots/0089_1779734319359076_auto.png (attempt 11/20): gh: Not Found (HTTP 404)
[18:40:40] Sender published response comment.
[18:40:40] gh api failed: Delete screenshots/0089_1779734319359076_auto.png (attempt 12/20): gh: Not Found (HTTP 404)
[18:40:42] gh api failed: Delete screenshots/0089_1779734319359076_auto.png (attempt 13/20): gh: Not Found (HTTP 404)
[18:40:43] gh api failed: Delete screenshots/0089_1779734319359076_auto.png (attempt 14/20): gh: Not Found (HTTP 404)
[18:40:45] gh api failed: Delete screenshots/0089_1779734319359076_auto.png (attempt 15/20): gh: Not Found (HTTP 404)
[18:40:45] Fetcher detected new App Commands comment.
[18:40:45] Acknowledged autonomous report AUT-24-1779734360
[18:40:45] Acknowledged autonomous report AUT-25-1779734434
[18:40:46] gh api failed: Delete screenshots/0089_1779734319359076_auto.png (attempt 16/20): gh: Not Found (HTTP 404)
[18:40:47] gh api failed: Delete screenshots/0089_1779734319359076_auto.png (attempt 17/20): gh: Not Found (HTTP 404)
[18:40:49] gh api failed: Delete screenshots/0089_1779734319359076_auto.png (attempt 18/20): gh: Not Found (HTTP 404)
[18:40:50] gh api failed: Delete screenshots/0089_1779734319359076_auto.png (attempt 19/20): gh: Not Found (HTTP 404)
[18:40:50] Agent alive
[18:40:51] gh api failed: Delete screenshots/0089_1779734319359076_auto.png (attempt 20/20): gh: Not Found (HTTP 404)
[18:40:53] Screenshot screenshots/0096_1779734425600788_auto.png uploaded successfully.
[18:40:53] Taking screenshot: screenshots/0097_1779734453429288_auto.png
[18:40:53] Uploading screenshot synchronously: screenshots/0097_1779734453429288_auto.png
[18:40:57] Screenshot screenshots/0097_1779734453429288_auto.png uploaded successfully.
[18:40:58] Taking screenshot: screenshots/0098_1779734458429486_auto.png
[18:40:58] Uploading screenshot synchronously: screenshots/0098_1779734458429486_auto.png
[18:41:01] Screenshot screenshots/0098_1779734458429486_auto.png uploaded successfully.
[18:41:03] Taking screenshot: screenshots/0099_1779734463429641_auto.png
[18:41:03] Uploading screenshot synchronously: screenshots/0099_1779734463429641_auto.png
[18:41:06] Screenshot screenshots/0099_1779734463429641_auto.png uploaded successfully.
[18:41:08] gh api failed: Upload logs/command_mouse_keyboard.log (116951 bytes) (attempt 1/20): gh: is at b6c486d474e61a4c0d907d6cd96b5cfdd5d4be06 but expected e68e28a3b1aa827833aaf08759eeaf7574d14685 (HTTP 409)
[18:41:08] Taking screenshot: screenshots/0100_1779734468429786_auto.png
[18:41:08] Uploading screenshot synchronously: screenshots/0100_1779734468429786_auto.png
[18:41:13] Screenshot screenshots/0100_1779734468429786_auto.png uploaded successfully.
[18:41:13] Taking screenshot: screenshots/0101_1779734473429898_auto.png
[18:41:13] Uploading screenshot synchronously: screenshots/0101_1779734473429898_auto.png
[18:41:17] Screenshot screenshots/0101_1779734473429898_auto.png uploaded successfully.
[18:41:18] Taking screenshot: screenshots/0102_1779734478429973_auto.png
[18:41:18] Uploading screenshot synchronously: screenshots/0102_1779734478429973_auto.png
[18:41:20] Agent alive
[18:41:20] New autonomous report: AUT-26-1779734480 -> Available memory: 14341 MB
[18:41:22] Screenshot screenshots/0102_1779734478429973_auto.png uploaded successfully.
[18:41:23] Taking screenshot: screenshots/0103_1779734483430091_auto.png
[18:41:23] Uploading screenshot synchronously: screenshots/0103_1779734483430091_auto.png
[18:41:26] Sender published response comment.
[18:41:27] Screenshot screenshots/0103_1779734483430091_auto.png uploaded successfully.
[18:41:28] Taking screenshot: screenshots/0104_1779734488430241_auto.png
[18:41:28] Uploading screenshot synchronously: screenshots/0104_1779734488430241_auto.png
[18:41:29] Fetcher detected new App Commands comment.
[18:41:29] Acknowledged autonomous report AUT-25-1779734434
[18:41:31] Sender published response comment.
[18:41:32] Screenshot screenshots/0104_1779734488430241_auto.png uploaded successfully.
[18:41:33] Taking screenshot: screenshots/0105_1779734493430397_auto.png
[18:41:33] Uploading screenshot synchronously: screenshots/0105_1779734493430397_auto.png
[18:41:34] Fetcher detected new App Commands comment.
[18:41:34] Acknowledged autonomous report AUT-25-1779734434
[18:41:34] Acknowledged autonomous report AUT-26-1779734480
[18:41:37] Screenshot screenshots/0105_1779734493430397_auto.png uploaded successfully.
[18:41:38] Taking screenshot: screenshots/0106_1779734498430520_auto.png
[18:41:38] Uploading screenshot synchronously: screenshots/0106_1779734498430520_auto.png
[18:41:42] Screenshot screenshots/0106_1779734498430520_auto.png uploaded successfully.
[18:41:43] Taking screenshot: screenshots/0107_1779734503430654_auto.png
[18:41:43] Uploading screenshot synchronously: screenshots/0107_1779734503430654_auto.png
[18:41:47] Screenshot screenshots/0107_1779734503430654_auto.png uploaded successfully.
[18:41:48] Taking screenshot: screenshots/0108_1779734508430766_auto.png
[18:41:48] Uploading screenshot synchronously: screenshots/0108_1779734508430766_auto.png
[18:41:50] Agent alive
[18:41:51] Screenshot screenshots/0108_1779734508430766_auto.png uploaded successfully.
[18:41:53] Taking screenshot: screenshots/0109_1779734513430881_auto.png
[18:41:53] Uploading screenshot synchronously: screenshots/0109_1779734513430881_auto.png
[18:41:55] Screenshot screenshots/0109_1779734513430881_auto.png uploaded successfully.
[18:41:58] Taking screenshot: screenshots/0110_1779734518431046_auto.png
[18:41:58] Uploading screenshot synchronously: screenshots/0110_1779734518431046_auto.png
[18:42:01] Screenshot screenshots/0110_1779734518431046_auto.png uploaded successfully.
[18:42:03] Taking screenshot: screenshots/0111_1779734523431149_auto.png
[18:42:03] Uploading screenshot synchronously: screenshots/0111_1779734523431149_auto.png
[18:42:06] Screenshot screenshots/0111_1779734523431149_auto.png uploaded successfully.
[18:42:08] gh api failed: Upload logs/command_mouse_keyboard.log (120683 bytes) (attempt 1/20): gh: is at 0adaa14390bdcb448099cd74aa40a5c8c4bf9436 but expected 34516f8f8f49300f0c41556a2b01378fc68255dd (HTTP 409)
[18:42:08] Taking screenshot: screenshots/0112_1779734528431310_auto.png
[18:42:08] Uploading screenshot synchronously: screenshots/0112_1779734528431310_auto.png
[18:42:12] Screenshot screenshots/0112_1779734528431310_auto.png uploaded successfully.
[18:42:13] Taking screenshot: screenshots/0113_1779734533431414_auto.png
[18:42:13] Uploading screenshot synchronously: screenshots/0113_1779734533431414_auto.png
[18:42:17] Screenshot screenshots/0113_1779734533431414_auto.png uploaded successfully.
[18:42:18] Taking screenshot: screenshots/0114_1779734538431559_auto.png
[18:42:18] Uploading screenshot synchronously: screenshots/0114_1779734538431559_auto.png
[18:42:20] Agent alive
[18:42:22] Screenshot screenshots/0114_1779734538431559_auto.png uploaded successfully.
[18:42:23] Taking screenshot: screenshots/0115_1779734543431671_auto.png
[18:42:23] Uploading screenshot synchronously: screenshots/0115_1779734543431671_auto.png
[18:42:26] Screenshot screenshots/0115_1779734543431671_auto.png uploaded successfully.
[18:42:28] Taking screenshot: screenshots/0116_1779734548431812_auto.png
[18:42:28] Uploading screenshot synchronously: screenshots/0116_1779734548431812_auto.png
[18:42:29] Fetcher detected new App Commands comment.
[18:42:29] Enqueued for execution: APP-58535-20260525184043
[18:42:29] Execution loop: processing APP-58535-20260525184043: (0.010000,0.010000)
[18:42:29] Cursor moved to (19, 9)
[18:42:29] Executed APP-58535-20260525184043 -> OK move(0.0099,0.0091)
[18:42:31] Screenshot screenshots/0116_1779734548431812_auto.png uploaded successfully.
[18:42:32] Sender published response comment.
[18:42:33] Taking screenshot: screenshots/0117_1779734553431937_auto.png
[18:42:33] Uploading screenshot synchronously: screenshots/0117_1779734553431937_auto.png
[18:42:38] Screenshot screenshots/0117_1779734553431937_auto.png uploaded successfully.
[18:42:38] Taking screenshot: screenshots/0118_1779734558432029_auto.png
[18:42:38] Uploading screenshot synchronously: screenshots/0118_1779734558432029_auto.png
[18:42:43] Screenshot screenshots/0118_1779734558432029_auto.png uploaded successfully.
[18:42:43] Taking screenshot: screenshots/0119_1779734563796825_auto.png
[18:42:44] Uploading screenshot synchronously: screenshots/0119_1779734563796825_auto.png
[18:42:48] Screenshot screenshots/0119_1779734563796825_auto.png uploaded successfully.
[18:42:48] Taking screenshot: screenshots/0120_1779734568797002_auto.png
[18:42:49] gh api failed: Delete screenshots/0112_1779734528431310_auto.png (attempt 1/20): gh: is at 1faacdf13ae14d3bce0dbcd2094da8bf78f7c89f but expected 71fa535e255de6316322aa9188aac9e2873aca24 (HTTP 409)
[18:42:49] Uploading screenshot synchronously: screenshots/0120_1779734568797002_auto.png
[18:42:50] gh api failed: Delete screenshots/0112_1779734528431310_auto.png (attempt 2/20): gh: Not Found (HTTP 404)
[18:42:50] Agent alive
[18:42:51] gh api failed: Delete screenshots/0112_1779734528431310_auto.png (attempt 3/20): gh: Not Found (HTTP 404)
[18:42:53] gh api failed: Delete screenshots/0112_1779734528431310_auto.png (attempt 4/20): gh: Not Found (HTTP 404)
[18:42:54] gh api failed: Delete screenshots/0112_1779734528431310_auto.png (attempt 5/20): gh: Not Found (HTTP 404)
[18:42:55] gh api failed: Delete screenshots/0112_1779734528431310_auto.png (attempt 6/20): gh: Not Found (HTTP 404)
[18:42:57] gh api failed: Delete screenshots/0112_1779734528431310_auto.png (attempt 7/20): gh: Not Found (HTTP 404)
[18:42:58] gh api failed: Delete screenshots/0112_1779734528431310_auto.png (attempt 8/20): gh: Not Found (HTTP 404)
[18:43:00] gh api failed: Delete screenshots/0112_1779734528431310_auto.png (attempt 9/20): gh: Not Found (HTTP 404)
[18:43:01] gh api failed: Delete screenshots/0112_1779734528431310_auto.png (attempt 10/20): gh: Not Found (HTTP 404)
[18:43:02] gh api failed: Delete screenshots/0112_1779734528431310_auto.png (attempt 11/20): gh: Not Found (HTTP 404)
[18:43:04] gh api failed: Delete screenshots/0112_1779734528431310_auto.png (attempt 12/20): gh: Not Found (HTTP 404)
[18:43:05] gh api failed: Delete screenshots/0112_1779734528431310_auto.png (attempt 13/20): gh: Not Found (HTTP 404)
[18:43:06] gh api failed: Delete screenshots/0112_1779734528431310_auto.png (attempt 14/20): gh: Not Found (HTTP 404)
[18:43:08] gh api failed: Delete screenshots/0112_1779734528431310_auto.png (attempt 15/20): gh: Not Found (HTTP 404)
[18:43:09] gh api failed: Delete screenshots/0112_1779734528431310_auto.png (attempt 16/20): gh: Not Found (HTTP 404)
[18:43:10] gh api failed: Delete screenshots/0112_1779734528431310_auto.png (attempt 17/20): gh: Not Found (HTTP 404)
[18:43:12] gh api failed: Delete screenshots/0112_1779734528431310_auto.png (attempt 18/20): gh: Not Found (HTTP 404)
[18:43:13] gh api failed: Delete screenshots/0112_1779734528431310_auto.png (attempt 19/20): gh: Not Found (HTTP 404)
[18:43:14] gh api failed: Delete screenshots/0112_1779734528431310_auto.png (attempt 20/20): gh: Not Found (HTTP 404)
[18:43:15] gh api failed: Delete screenshots/0113_1779734533431414_auto.png (attempt 1/20): gh: Not Found (HTTP 404)
[18:43:16] gh api failed: Delete screenshots/0113_1779734533431414_auto.png (attempt 2/20): gh: Not Found (HTTP 404)
[18:43:18] gh api failed: Delete screenshots/0113_1779734533431414_auto.png (attempt 3/20): gh: Not Found (HTTP 404)
[18:43:19] gh api failed: Delete screenshots/0113_1779734533431414_auto.png (attempt 4/20): gh: Not Found (HTTP 404)
[18:43:20] gh api failed: Delete screenshots/0113_1779734533431414_auto.png (attempt 5/20): gh: Not Found (HTTP 404)
[18:43:20] Agent alive
[18:43:20] New autonomous report: AUT-27-1779734600 -> Available memory: 14388 MB
[18:43:22] gh api failed: Delete screenshots/0113_1779734533431414_auto.png (attempt 6/20): gh: Not Found (HTTP 404)
[18:43:22] Sender published response comment.
[18:43:23] gh api failed: Delete screenshots/0113_1779734533431414_auto.png (attempt 7/20): gh: Not Found (HTTP 404)
[18:43:24] gh api failed: Delete screenshots/0113_1779734533431414_auto.png (attempt 8/20): gh: Not Found (HTTP 404)
[18:43:26] gh api failed: Delete screenshots/0113_1779734533431414_auto.png (attempt 9/20): gh: Not Found (HTTP 404)
[18:43:27] gh api failed: Delete screenshots/0113_1779734533431414_auto.png (attempt 10/20): gh: Not Found (HTTP 404)
[18:43:28] Sender published response comment.
[18:43:28] gh api failed: Delete screenshots/0113_1779734533431414_auto.png (attempt 11/20): gh: Not Found (HTTP 404)
[18:43:29] Fetcher detected new App Commands comment.
[18:43:29] Acknowledged autonomous report AUT-27-1779734600
[18:43:30] gh api failed: Delete screenshots/0113_1779734533431414_auto.png (attempt 12/20): gh: Not Found (HTTP 404)
[18:43:31] gh api failed: Delete screenshots/0113_1779734533431414_auto.png (attempt 13/20): gh: Not Found (HTTP 404)
[18:43:32] gh api failed: Delete screenshots/0113_1779734533431414_auto.png (attempt 14/20): gh: Not Found (HTTP 404)
[18:43:34] gh api failed: Delete screenshots/0113_1779734533431414_auto.png (attempt 15/20): gh: Not Found (HTTP 404)
[18:43:35] gh api failed: Delete screenshots/0113_1779734533431414_auto.png (attempt 16/20): gh: Not Found (HTTP 404)
[18:43:36] gh api failed: Delete screenshots/0113_1779734533431414_auto.png (attempt 17/20): gh: Not Found (HTTP 404)
[18:43:38] gh api failed: Delete screenshots/0113_1779734533431414_auto.png (attempt 18/20): gh: Not Found (HTTP 404)
[18:43:39] gh api failed: Delete screenshots/0113_1779734533431414_auto.png (attempt 19/20): gh: Not Found (HTTP 404)
[18:43:40] gh api failed: Delete screenshots/0113_1779734533431414_auto.png (attempt 20/20): gh: Not Found (HTTP 404)
[18:43:42] Screenshot screenshots/0120_1779734568797002_auto.png uploaded successfully.
[18:43:42] Taking screenshot: screenshots/0121_1779734622778367_auto.png
[18:43:43] Uploading screenshot synchronously: screenshots/0121_1779734622778367_auto.png
[18:43:47] Screenshot screenshots/0121_1779734622778367_auto.png uploaded successfully.
[18:43:47] Taking screenshot: screenshots/0122_1779734627778542_auto.png
[18:43:48] Uploading screenshot synchronously: screenshots/0122_1779734627778542_auto.png
[18:43:50] Agent alive
[18:43:52] Screenshot screenshots/0122_1779734627778542_auto.png uploaded successfully.
[18:43:52] Taking screenshot: screenshots/0123_1779734632778663_auto.png
[18:43:53] Uploading screenshot synchronously: screenshots/0123_1779734632778663_auto.png
[18:43:55] Screenshot screenshots/0123_1779734632778663_auto.png uploaded successfully.
[18:43:57] Taking screenshot: screenshots/0124_1779734637778801_auto.png
[18:43:58] Uploading screenshot synchronously: screenshots/0124_1779734637778801_auto.png
[18:43:59] Screenshot screenshots/0124_1779734637778801_auto.png uploaded successfully.
[18:44:02] Taking screenshot: screenshots/0125_1779734642778918_auto.png
[18:44:03] Uploading screenshot synchronously: screenshots/0125_1779734642778918_auto.png
[18:44:06] Screenshot screenshots/0125_1779734642778918_auto.png uploaded successfully.
[18:44:07] Taking screenshot: screenshots/0126_1779734647779020_auto.png
[18:44:08] Uploading screenshot synchronously: screenshots/0126_1779734647779020_auto.png
[18:44:12] Screenshot screenshots/0126_1779734647779020_auto.png uploaded successfully.
[18:44:12] Taking screenshot: screenshots/0127_1779734652779173_auto.png
[18:44:13] Uploading screenshot synchronously: screenshots/0127_1779734652779173_auto.png
[18:44:16] Screenshot screenshots/0127_1779734652779173_auto.png uploaded successfully.
[18:44:17] Taking screenshot: screenshots/0128_1779734657779320_auto.png
[18:44:18] Uploading screenshot synchronously: screenshots/0128_1779734657779320_auto.png
[18:44:18] gh api failed: Upload logs/command_mouse_keyboard.log (130434 bytes) (attempt 1/20): gh: is at 212370f098d41ba87098c48a813c652db5f7eb85 but expected 847a1e0fbd74e178729eb8e6b8e0cbb48ff45bb7 (HTTP 409)
[18:44:20] Agent alive
[18:44:23] Screenshot screenshots/0128_1779734657779320_auto.png uploaded successfully.
[18:44:23] Taking screenshot: screenshots/0129_1779734663189862_auto.png
[18:44:23] Uploading screenshot synchronously: screenshots/0129_1779734663189862_auto.png
[18:44:26] Screenshot screenshots/0129_1779734663189862_auto.png uploaded successfully.
[18:44:28] Taking screenshot: screenshots/0130_1779734668190002_auto.png
[18:44:28] Uploading screenshot synchronously: screenshots/0130_1779734668190002_auto.png
[18:44:29] gh api failed: Upload screenshots/0130_1779734668190002_auto.png (352432 bytes) (attempt 1/20): gh: is at 5b849c469f9107936e556f0a77ef8c8fa96afc5d but expected c9aedfda98a90c90c57b2048f79b551614a53158 (HTTP 409)
[18:44:33] Screenshot screenshots/0130_1779734668190002_auto.png uploaded successfully.
[18:44:33] Taking screenshot: screenshots/0131_1779734673190066_auto.png
[18:44:33] gh api failed: Delete screenshots/0123_1779734632778663_auto.png (attempt 1/20): gh: Not Found (HTTP 404)
[18:44:33] Uploading screenshot synchronously: screenshots/0131_1779734673190066_auto.png
[18:44:34] Fetcher detected new App Commands comment.
[18:44:34] Acknowledged autonomous report AUT-27-1779734600
[18:44:34] Execution loop: processing APP-58537-20260525184244: tabs
[18:44:34] Enqueued for execution: APP-58537-20260525184244
[18:44:34] Enqueued for execution: APP-58538-20260525184244
[18:44:34] New autonomous report: AUT-28-1779734674 -> Tabs: 1: Channel dashboard - YouTube Studio
[18:44:34] Executed APP-58537-20260525184244 -> Tabs: 1: Channel dashboard - YouTube Studio
[18:44:34] Execution loop: processing APP-58538-20260525184244: dir
[18:44:34] Executed APP-58538-20260525184244 -> Files: (empty)
[18:44:34] gh api failed: Delete screenshots/0123_1779734632778663_auto.png (attempt 2/20): gh: Not Found (HTTP 404)
[18:44:36] gh api failed: Delete screenshots/0123_1779734632778663_auto.png (attempt 3/20): gh: Not Found (HTTP 404)
[18:44:37] gh api failed: Delete screenshots/0123_1779734632778663_auto.png (attempt 4/20): gh: Not Found (HTTP 404)
[18:44:38] Sender published response comment.
[18:44:39] gh api failed: Delete screenshots/0123_1779734632778663_auto.png (attempt 5/20): gh: Not Found (HTTP 404)
[18:44:40] gh api failed: Delete screenshots/0123_1779734632778663_auto.png (attempt 6/20): gh: Not Found (HTTP 404)
[18:44:41] gh api failed: Delete screenshots/0123_1779734632778663_auto.png (attempt 7/20): gh: Not Found (HTTP 404)
[18:44:43] gh api failed: Delete screenshots/0123_1779734632778663_auto.png (attempt 8/20): gh: Not Found (HTTP 404)
[18:44:44] Sender published response comment.
[18:44:44] gh api failed: Delete screenshots/0123_1779734632778663_auto.png (attempt 9/20): gh: Not Found (HTTP 404)
[18:44:45] Fetcher detected new App Commands comment.
[18:44:45] Acknowledged autonomous report AUT-27-1779734600
[18:44:45] Acknowledged autonomous report AUT-28-1779734674
[18:44:45] gh api failed: Delete screenshots/0123_1779734632778663_auto.png (attempt 10/20): gh: Not Found (HTTP 404)
[18:44:47] gh api failed: Delete screenshots/0123_1779734632778663_auto.png (attempt 11/20): gh: Not Found (HTTP 404)
[18:44:48] gh api failed: Delete screenshots/0123_1779734632778663_auto.png (attempt 12/20): gh: Not Found (HTTP 404)
[18:44:49] gh api failed: Delete screenshots/0123_1779734632778663_auto.png (attempt 13/20): gh: Not Found (HTTP 404)
[18:44:50] Agent alive
[18:44:51] gh api failed: Delete screenshots/0123_1779734632778663_auto.png (attempt 14/20): gh: Not Found (HTTP 404)
[18:44:52] gh api failed: Delete screenshots/0123_1779734632778663_auto.png (attempt 15/20): gh: Not Found (HTTP 404)
[18:44:54] gh api failed: Delete screenshots/0123_1779734632778663_auto.png (attempt 16/20): gh: Not Found (HTTP 404)
[18:44:55] gh api failed: Delete screenshots/0123_1779734632778663_auto.png (attempt 17/20): gh: Not Found (HTTP 404)
[18:44:56] gh api failed: Delete screenshots/0123_1779734632778663_auto.png (attempt 18/20): gh: Not Found (HTTP 404)
[18:44:58] gh api failed: Delete screenshots/0123_1779734632778663_auto.png (attempt 19/20): gh: Not Found (HTTP 404)
[18:44:59] gh api failed: Delete screenshots/0123_1779734632778663_auto.png (attempt 20/20): gh: Not Found (HTTP 404)
[18:44:59] gh api failed: Delete screenshots/0124_1779734637778801_auto.png (attempt 1/20): gh: Not Found (HTTP 404)
[18:45:01] gh api failed: Delete screenshots/0124_1779734637778801_auto.png (attempt 2/20): gh: Not Found (HTTP 404)
[18:45:02] gh api failed: Delete screenshots/0124_1779734637778801_auto.png (attempt 3/20): gh: Not Found (HTTP 404)
[18:45:04] gh api failed: Delete screenshots/0124_1779734637778801_auto.png (attempt 4/20): gh: Not Found (HTTP 404)
[18:45:05] gh api failed: Delete screenshots/0124_1779734637778801_auto.png (attempt 5/20): gh: Not Found (HTTP 404)
[18:45:06] gh api failed: Delete screenshots/0124_1779734637778801_auto.png (attempt 6/20): gh: Not Found (HTTP 404)
[18:45:08] gh api failed: Delete screenshots/0124_1779734637778801_auto.png (attempt 7/20): gh: Not Found (HTTP 404)
[18:45:09] gh api failed: Delete screenshots/0124_1779734637778801_auto.png (attempt 8/20): gh: Not Found (HTTP 404)
[18:45:11] gh api failed: Delete screenshots/0124_1779734637778801_auto.png (attempt 9/20): gh: Not Found (HTTP 404)
[18:45:12] gh api failed: Delete screenshots/0124_1779734637778801_auto.png (attempt 10/20): gh: Not Found (HTTP 404)
[18:45:13] gh api failed: Delete screenshots/0124_1779734637778801_auto.png (attempt 11/20): gh: Not Found (HTTP 404)
[18:45:15] gh api failed: Delete screenshots/0124_1779734637778801_auto.png (attempt 12/20): gh: Not Found (HTTP 404)
[18:45:16] gh api failed: Delete screenshots/0124_1779734637778801_auto.png (attempt 13/20): gh: Not Found (HTTP 404)
[18:45:17] gh api failed: Delete screenshots/0124_1779734637778801_auto.png (attempt 14/20): gh: Not Found (HTTP 404)
[18:45:18] gh api failed: Delete screenshots/0124_1779734637778801_auto.png (attempt 15/20): gh: Not Found (HTTP 404)
[18:45:20] gh api failed: Delete screenshots/0124_1779734637778801_auto.png (attempt 16/20): gh: Not Found (HTTP 404)
[18:45:20] Agent alive
[18:45:20] New autonomous report: AUT-29-1779734720 -> Available memory: 14392 MB
[18:45:21] gh api failed: Delete screenshots/0124_1779734637778801_auto.png (attempt 17/20): gh: Not Found (HTTP 404)
[18:45:22] gh api failed: Delete screenshots/0124_1779734637778801_auto.png (attempt 18/20): gh: Not Found (HTTP 404)
[18:45:24] gh api failed: Delete screenshots/0124_1779734637778801_auto.png (attempt 19/20): gh: Not Found (HTTP 404)
[18:45:24] Sender published response comment.
[18:45:25] gh api failed: Delete screenshots/0124_1779734637778801_auto.png (attempt 20/20): gh: Not Found (HTTP 404)
[18:45:27] Screenshot screenshots/0131_1779734673190066_auto.png uploaded successfully.
[18:45:27] Taking screenshot: screenshots/0132_1779734727751667_auto.png
[18:45:28] Uploading screenshot synchronously: screenshots/0132_1779734727751667_auto.png
[18:45:30] Sender published response comment.
[18:45:32] Screenshot screenshots/0132_1779734727751667_auto.png uploaded successfully.
[18:45:32] Taking screenshot: screenshots/0133_1779734732751808_auto.png
[18:45:33] Uploading screenshot synchronously: screenshots/0133_1779734732751808_auto.png
[18:45:35] Sender published response comment.
[18:45:36] Screenshot screenshots/0133_1779734732751808_auto.png uploaded successfully.
[18:45:37] Taking screenshot: screenshots/0134_1779734737751944_auto.png
[18:45:38] Uploading screenshot synchronously: screenshots/0134_1779734737751944_auto.png
[18:45:38] gh api failed: Upload logs/command_mouse_keyboard.log (138211 bytes) (attempt 1/20): gh: is at 1337c70f44680f8be2bdc35398f5e588adb28af3 but expected 9cc7fceffec81d0cfab6f2222f2bc63389a2255e (HTTP 409)
[18:45:40] Fetcher detected new App Commands comment.
[18:45:40] Enqueued for execution: APP-58541-20260525184345
[18:45:40] Execution loop: processing APP-58541-20260525184345: tabnumber:0
[18:45:40] Enqueued for execution: APP-58542-20260525184346
[18:45:40] Enqueued for execution: APP-58543-20260525184346
[18:45:40] Acknowledged autonomous report AUT-29-1779734720
[18:45:40] New autonomous report: AUT-30-1779734740 -> Tabs: 1: Channel dashboard - YouTube Studio
[18:45:40] Executed APP-58541-20260525184345 -> ERR: invalid tab number
[18:45:40] Execution loop: processing APP-58542-20260525184346: tabs
[18:45:40] New autonomous report: AUT-31-1779734740 -> Tabs: 1: Channel dashboard - YouTube Studio
[18:45:40] Executed APP-58542-20260525184346 -> Tabs: 1: Channel dashboard - YouTube Studio
[18:45:40] Execution loop: processing APP-58543-20260525184346: dir
[18:45:40] Executed APP-58543-20260525184346 -> Files: (empty)
[18:45:43] Screenshot screenshots/0134_1779734737751944_auto.png uploaded successfully.
[18:45:43] Taking screenshot: screenshots/0135_1779734743402377_auto.png
[18:45:43] Uploading screenshot synchronously: screenshots/0135_1779734743402377_auto.png
[18:45:45] Fetcher detected new App Commands comment.
[18:45:45] Enqueued for execution: APP-58545-20260525184400
[18:45:45] Execution loop: processing APP-58545-20260525184400: (0.010000,0.010000)
[18:45:46] Cursor moved to (19, 9)
[18:45:46] Executed APP-58545-20260525184400 -> OK move(0.0099,0.0091)
[18:45:46] Screenshot screenshots/0135_1779734743402377_auto.png uploaded successfully.
[18:45:46] Sender published response comment.
[18:45:48] Taking screenshot: screenshots/0136_1779734748402547_auto.png
[18:45:48] Uploading screenshot synchronously: screenshots/0136_1779734748402547_auto.png
[18:45:50] Agent alive
[18:45:50] Screenshot screenshots/0136_1779734748402547_auto.png uploaded successfully.
[18:45:51] Fetcher detected new App Commands comment.
[18:45:51] Re‑enqueued existing report for APP-58545-20260525184400
[18:45:51] Acknowledged autonomous report AUT-31-1779734740
[18:45:51] Acknowledged autonomous report AUT-30-1779734740
[18:45:51] Sender published response comment.
[18:45:53] Taking screenshot: screenshots/0137_1779734753402694_auto.png
[18:45:53] Uploading screenshot synchronously: screenshots/0137_1779734753402694_auto.png
[18:45:56] Screenshot screenshots/0137_1779734753402694_auto.png uploaded successfully.
[18:45:56] Fetcher detected new App Commands comment.
[18:45:56] Acknowledged autonomous report AUT-31-1779734740
[18:45:56] Acknowledged autonomous report AUT-30-1779734740
[18:45:58] Taking screenshot: screenshots/0138_1779734758402832_auto.png
[18:45:58] Uploading screenshot synchronously: screenshots/0138_1779734758402832_auto.png
[18:46:01] Screenshot screenshots/0138_1779734758402832_auto.png uploaded successfully.
[18:46:03] Taking screenshot: screenshots/0139_1779734763402960_auto.png
[18:46:03] Uploading screenshot synchronously: screenshots/0139_1779734763402960_auto.png
[18:46:06] Screenshot screenshots/0139_1779734763402960_auto.png uploaded successfully.
[18:46:08] Taking screenshot: screenshots/0140_1779734768403109_auto.png
[18:46:08] Uploading screenshot synchronously: screenshots/0140_1779734768403109_auto.png
[18:46:12] Screenshot screenshots/0140_1779734768403109_auto.png uploaded successfully.
[18:46:13] Taking screenshot: screenshots/0141_1779734773403225_auto.png
[18:46:13] Uploading screenshot synchronously: screenshots/0141_1779734773403225_auto.png
[18:46:17] Screenshot screenshots/0141_1779734773403225_auto.png uploaded successfully.
[18:46:18] Taking screenshot: screenshots/0142_1779734778403337_auto.png
[18:46:18] Uploading screenshot synchronously: screenshots/0142_1779734778403337_auto.png
[18:46:20] Agent alive
[18:46:22] Screenshot screenshots/0142_1779734778403337_auto.png uploaded successfully.
[18:46:23] Taking screenshot: screenshots/0143_1779734783403477_auto.png
[18:46:23] Uploading screenshot synchronously: screenshots/0143_1779734783403477_auto.png
[18:46:26] Screenshot screenshots/0143_1779734783403477_auto.png uploaded successfully.
[18:46:28] Taking screenshot: screenshots/0144_1779734788403599_auto.png
[18:46:28] Uploading screenshot synchronously: screenshots/0144_1779734788403599_auto.png
[18:46:30] Screenshot screenshots/0144_1779734788403599_auto.png uploaded successfully.
[18:46:33] Taking screenshot: screenshots/0145_1779734793403743_auto.png
[18:46:33] Uploading screenshot synchronously: screenshots/0145_1779734793403743_auto.png
[18:46:35] Screenshot screenshots/0145_1779734793403743_auto.png uploaded successfully.
[18:46:38] Taking screenshot: screenshots/0146_1779734798403895_auto.png
[18:46:38] Uploading screenshot synchronously: screenshots/0146_1779734798403895_auto.png
[18:46:41] Screenshot screenshots/0146_1779734798403895_auto.png uploaded successfully.
[18:46:43] Taking screenshot: screenshots/0147_1779734803404004_auto.png
[18:46:43] Uploading screenshot synchronously: screenshots/0147_1779734803404004_auto.png
[18:46:46] Screenshot screenshots/0147_1779734803404004_auto.png uploaded successfully.
[18:46:48] Taking screenshot: screenshots/0148_1779734808404095_auto.png
[18:46:48] Uploading screenshot synchronously: screenshots/0148_1779734808404095_auto.png
[18:46:50] Screenshot screenshots/0148_1779734808404095_auto.png uploaded successfully.
[18:46:50] Agent alive
[18:46:53] Taking screenshot: screenshots/0149_1779734813404264_auto.png
[18:46:53] Uploading screenshot synchronously: screenshots/0149_1779734813404264_auto.png
[18:46:54] gh api failed: Upload logs/command_mouse_keyboard.log (144137 bytes) (attempt 1/20): gh: is at a9ac54d8d91d5e7437078a5a4ba2dbc4bcfa05ca but expected 157786f79b6f0a98f24727e25663b29a8cdb9436 (HTTP 409)
[18:46:59] Screenshot screenshots/0149_1779734813404264_auto.png uploaded successfully.
[18:46:59] Taking screenshot: screenshots/0150_1779734819755909_auto.png
[18:47:00] Uploading screenshot synchronously: screenshots/0150_1779734819755909_auto.png
[18:47:04] Screenshot screenshots/0150_1779734819755909_auto.png uploaded successfully.
[18:47:04] Taking screenshot: screenshots/0151_1779734824756035_auto.png
[18:47:05] Uploading screenshot synchronously: screenshots/0151_1779734824756035_auto.png
[18:47:07] Screenshot screenshots/0151_1779734824756035_auto.png uploaded successfully.
[18:47:09] Taking screenshot: screenshots/0152_1779734829756167_auto.png
[18:47:10] Uploading screenshot synchronously: screenshots/0152_1779734829756167_auto.png
[18:47:13] Screenshot screenshots/0152_1779734829756167_auto.png uploaded successfully.
[18:47:14] Taking screenshot: screenshots/0153_1779734834756297_auto.png
[18:47:15] Uploading screenshot synchronously: screenshots/0153_1779734834756297_auto.png
[18:47:15] gh api failed: Upload logs/command_mouse_keyboard.log (145265 bytes) (attempt 1/20): gh: is at 6a532098e861e6e34cd860ee14438d2987448b66 but expected eb058c673866e48c94b6e0f97de632924e905132 (HTTP 409)
[18:47:20] Screenshot screenshots/0153_1779734834756297_auto.png uploaded successfully.
[18:47:20] Taking screenshot: screenshots/0154_1779734840210265_auto.png
[18:47:20] Uploading screenshot synchronously: screenshots/0154_1779734840210265_auto.png
[18:47:20] Agent alive
[18:47:20] New autonomous report: AUT-32-1779734840 -> Available memory: 14373 MB
[18:47:22] Sender published response comment.
[18:47:24] Screenshot screenshots/0154_1779734840210265_auto.png uploaded successfully.
[18:47:25] gh api failed: Delete screenshots/0148_1779734808404095_auto.png (attempt 1/20): gh: Not Found (HTTP 404)
[18:47:25] Taking screenshot: screenshots/0155_1779734845210421_auto.png
[18:47:25] Uploading screenshot synchronously: screenshots/0155_1779734845210421_auto.png
[18:47:26] gh api failed: Delete screenshots/0148_1779734808404095_auto.png (attempt 2/20): gh: Not Found (HTTP 404)
[18:47:27] gh api failed: Delete screenshots/0148_1779734808404095_auto.png (attempt 3/20): gh: Not Found (HTTP 404)
[18:47:27] Sender published response comment.
[18:47:29] gh api failed: Delete screenshots/0148_1779734808404095_auto.png (attempt 4/20): gh: Not Found (HTTP 404)
[18:47:29] Fetcher detected new App Commands comment.
[18:47:29] Acknowledged autonomous report AUT-31-1779734740
[18:47:29] Acknowledged autonomous report AUT-30-1779734740
[18:47:29] Acknowledged autonomous report AUT-32-1779734840
[18:47:30] gh api failed: Delete screenshots/0148_1779734808404095_auto.png (attempt 5/20): gh: Not Found (HTTP 404)
[18:47:31] gh api failed: Delete screenshots/0148_1779734808404095_auto.png (attempt 6/20): gh: Not Found (HTTP 404)
[18:47:33] gh api failed: Delete screenshots/0148_1779734808404095_auto.png (attempt 7/20): gh: Not Found (HTTP 404)
[18:47:34] gh api failed: Delete screenshots/0148_1779734808404095_auto.png (attempt 8/20): gh: Not Found (HTTP 404)
[18:47:35] gh api failed: Delete screenshots/0148_1779734808404095_auto.png (attempt 9/20): gh: Not Found (HTTP 404)
[18:47:37] gh api failed: Delete screenshots/0148_1779734808404095_auto.png (attempt 10/20): gh: Not Found (HTTP 404)
[18:47:38] gh api failed: Delete screenshots/0148_1779734808404095_auto.png (attempt 11/20): gh: Not Found (HTTP 404)
[18:47:39] gh api failed: Delete screenshots/0148_1779734808404095_auto.png (attempt 12/20): gh: Not Found (HTTP 404)
[18:47:41] gh api failed: Delete screenshots/0148_1779734808404095_auto.png (attempt 13/20): gh: Not Found (HTTP 404)
[18:47:42] gh api failed: Delete screenshots/0148_1779734808404095_auto.png (attempt 14/20): gh: Not Found (HTTP 404)
[18:47:43] gh api failed: Delete screenshots/0148_1779734808404095_auto.png (attempt 15/20): gh: Not Found (HTTP 404)
[18:47:45] gh api failed: Delete screenshots/0148_1779734808404095_auto.png (attempt 16/20): gh: Not Found (HTTP 404)
[18:47:46] gh api failed: Delete screenshots/0148_1779734808404095_auto.png (attempt 17/20): gh: Not Found (HTTP 404)
[18:47:48] gh api failed: Delete screenshots/0148_1779734808404095_auto.png (attempt 18/20): gh: Not Found (HTTP 404)
[18:47:49] gh api failed: Delete screenshots/0148_1779734808404095_auto.png (attempt 19/20): gh: Not Found (HTTP 404)
[18:47:50] gh api failed: Delete screenshots/0148_1779734808404095_auto.png (attempt 20/20): gh: Not Found (HTTP 404)
[18:47:50] Agent alive
[18:47:51] Fetcher detected new App Commands comment.
[18:47:51] Acknowledged autonomous report AUT-32-1779734840
[18:47:51] Execution loop: processing APP-58549-20260525184602: tabs
[18:47:51] Enqueued for execution: APP-58549-20260525184602
[18:47:51] Enqueued for execution: APP-58550-20260525184602
[18:47:51] New autonomous report: AUT-33-1779734871 -> Tabs: 1: Channel dashboard - YouTube Studio
[18:47:51] Executed APP-58549-20260525184602 -> Tabs: 1: Channel dashboard - YouTube Studio
[18:47:51] Execution loop: processing APP-58550-20260525184602: dir
[18:47:51] Executed APP-58550-20260525184602 -> Files: (empty)
[18:47:53] Screenshot screenshots/0155_1779734845210421_auto.png uploaded successfully.
[18:47:53] Taking screenshot: screenshots/0156_1779734873058599_auto.png
[18:47:53] Sender published response comment.
[18:47:53] Uploading screenshot synchronously: screenshots/0156_1779734873058599_auto.png
[18:47:57] Fetcher detected new App Commands comment.
[18:47:57] Acknowledged autonomous report AUT-32-1779734840
[18:47:57] Acknowledged autonomous report AUT-33-1779734871
[18:47:57] Screenshot screenshots/0156_1779734873058599_auto.png uploaded successfully.
[18:47:58] Taking screenshot: screenshots/0157_1779734878058751_auto.png
[18:47:58] Uploading screenshot synchronously: screenshots/0157_1779734878058751_auto.png
[18:48:01] Screenshot screenshots/0157_1779734878058751_auto.png uploaded successfully.
[18:48:03] Taking screenshot: screenshots/0158_1779734883058926_auto.png
[18:48:03] Uploading screenshot synchronously: screenshots/0158_1779734883058926_auto.png
[18:48:05] Screenshot screenshots/0158_1779734883058926_auto.png uploaded successfully.
[18:48:08] Taking screenshot: screenshots/0159_1779734888059085_auto.png
[18:48:08] Uploading screenshot synchronously: screenshots/0159_1779734888059085_auto.png
[18:48:12] Screenshot screenshots/0159_1779734888059085_auto.png uploaded successfully.
[18:48:13] Taking screenshot: screenshots/0160_1779734893059204_auto.png
[18:48:13] Uploading screenshot synchronously: screenshots/0160_1779734893059204_auto.png
[18:48:16] Screenshot screenshots/0160_1779734893059204_auto.png uploaded successfully.
[18:48:18] Taking screenshot: screenshots/0161_1779734898059323_auto.png
[18:48:18] Uploading screenshot synchronously: screenshots/0161_1779734898059323_auto.png
[18:48:20] Screenshot screenshots/0161_1779734898059323_auto.png uploaded successfully.
[18:48:20] Agent alive
[18:48:23] Taking screenshot: screenshots/0162_1779734903059419_auto.png
[18:48:23] Uploading screenshot synchronously: screenshots/0162_1779734903059419_auto.png
[18:48:26] Screenshot screenshots/0162_1779734903059419_auto.png uploaded successfully.
[18:48:28] Taking screenshot: screenshots/0163_1779734908059544_auto.png
[18:48:28] Uploading screenshot synchronously: screenshots/0163_1779734908059544_auto.png
[18:48:32] Screenshot screenshots/0163_1779734908059544_auto.png uploaded successfully.
[18:48:33] Taking screenshot: screenshots/0164_1779734913059683_auto.png
[18:48:33] Uploading screenshot synchronously: screenshots/0164_1779734913059683_auto.png
[18:48:36] Screenshot screenshots/0164_1779734913059683_auto.png uploaded successfully.
[18:48:38] Taking screenshot: screenshots/0165_1779734918059841_auto.png
[18:48:38] gh api failed: Upload logs/command_mouse_keyboard.log (152162 bytes) (attempt 1/20): gh: is at d30634706be62c8ca0d923ddb876d028ebfb1474 but expected 0d6e31a70f73c0e039366831f36660ac253d1dbd (HTTP 409)
[18:48:38] Uploading screenshot synchronously: screenshots/0165_1779734918059841_auto.png
[18:48:42] Screenshot screenshots/0165_1779734918059841_auto.png uploaded successfully.
[18:48:43] Taking screenshot: screenshots/0166_1779734923060007_auto.png
[18:48:43] Uploading screenshot synchronously: screenshots/0166_1779734923060007_auto.png
[18:48:45] Screenshot screenshots/0166_1779734923060007_auto.png uploaded successfully.
[18:48:48] Taking screenshot: screenshots/0167_1779734928060063_auto.png
[18:48:48] Uploading screenshot synchronously: screenshots/0167_1779734928060063_auto.png
[18:48:49] gh api failed: Upload screenshots/0167_1779734928060063_auto.png (352432 bytes) (attempt 1/20): gh: is at 620bca37990f666e9226456ae0d604b2cf123655 but expected 7da3ea045f26588c89652be2543358307151c6c7 (HTTP 409)
[18:48:50] Agent alive
[18:48:52] Screenshot screenshots/0167_1779734928060063_auto.png uploaded successfully.
[18:48:52] gh api failed: Delete screenshots/0160_1779734893059204_auto.png (attempt 1/20): gh: Not Found (HTTP 404)
[18:48:53] Taking screenshot: screenshots/0168_1779734933060191_auto.png
[18:48:53] Uploading screenshot synchronously: screenshots/0168_1779734933060191_auto.png
[18:48:54] gh api failed: Delete screenshots/0160_1779734893059204_auto.png (attempt 2/20): gh: Not Found (HTTP 404)
[18:48:55] gh api failed: Delete screenshots/0160_1779734893059204_auto.png (attempt 3/20): gh: Not Found (HTTP 404)
[18:48:57] gh api failed: Delete screenshots/0160_1779734893059204_auto.png (attempt 4/20): gh: Not Found (HTTP 404)
[18:48:58] gh api failed: Delete screenshots/0160_1779734893059204_auto.png (attempt 5/20): gh: Not Found (HTTP 404)
[18:48:59] gh api failed: Delete screenshots/0160_1779734893059204_auto.png (attempt 6/20): gh: Not Found (HTTP 404)
[18:49:01] gh api failed: Delete screenshots/0160_1779734893059204_auto.png (attempt 7/20): gh: Not Found (HTTP 404)
[18:49:02] gh api failed: Delete screenshots/0160_1779734893059204_auto.png (attempt 8/20): gh: Not Found (HTTP 404)
[18:49:03] gh api failed: Delete screenshots/0160_1779734893059204_auto.png (attempt 9/20): gh: Not Found (HTTP 404)
[18:49:05] gh api failed: Delete screenshots/0160_1779734893059204_auto.png (attempt 10/20): gh: Not Found (HTTP 404)
[18:49:06] gh api failed: Delete screenshots/0160_1779734893059204_auto.png (attempt 11/20): gh: Not Found (HTTP 404)
[18:49:08] gh api failed: Delete screenshots/0160_1779734893059204_auto.png (attempt 12/20): gh: Not Found (HTTP 404)
[18:49:09] gh api failed: Delete screenshots/0160_1779734893059204_auto.png (attempt 13/20): gh: Not Found (HTTP 404)
[18:49:10] gh api failed: Delete screenshots/0160_1779734893059204_auto.png (attempt 14/20): gh: Not Found (HTTP 404)
[18:49:12] gh api failed: Delete screenshots/0160_1779734893059204_auto.png (attempt 15/20): gh: Not Found (HTTP 404)
[18:49:13] gh api failed: Delete screenshots/0160_1779734893059204_auto.png (attempt 16/20): gh: Not Found (HTTP 404)
[18:49:14] gh api failed: Delete screenshots/0160_1779734893059204_auto.png (attempt 17/20): gh: Not Found (HTTP 404)
[18:49:16] gh api failed: Delete screenshots/0160_1779734893059204_auto.png (attempt 18/20): gh: Not Found (HTTP 404)
[18:49:17] gh api failed: Delete screenshots/0160_1779734893059204_auto.png (attempt 19/20): gh: Not Found (HTTP 404)
[18:49:18] gh api failed: Delete screenshots/0160_1779734893059204_auto.png (attempt 20/20): gh: Not Found (HTTP 404)
[18:49:19] gh api failed: Delete screenshots/0161_1779734898059323_auto.png (attempt 1/20): gh: Not Found (HTTP 404)
[18:49:20] gh api failed: Delete screenshots/0161_1779734898059323_auto.png (attempt 2/20): gh: Not Found (HTTP 404)
[18:49:20] Agent alive
[18:49:20] New autonomous report: AUT-34-1779734960 -> Available memory: 14376 MB
[18:49:22] gh api failed: Delete screenshots/0161_1779734898059323_auto.png (attempt 3/20): gh: Not Found (HTTP 404)
[18:49:23] gh api failed: Delete screenshots/0161_1779734898059323_auto.png (attempt 4/20): gh: Not Found (HTTP 404)
[18:49:23] Sender published response comment.
[18:49:24] gh api failed: Delete screenshots/0161_1779734898059323_auto.png (attempt 5/20): gh: Not Found (HTTP 404)
[18:49:26] gh api failed: Delete screenshots/0161_1779734898059323_auto.png (attempt 6/20): gh: Not Found (HTTP 404)
[18:49:27] gh api failed: Delete screenshots/0161_1779734898059323_auto.png (attempt 7/20): gh: Not Found (HTTP 404)
[18:49:28] gh api failed: Delete screenshots/0161_1779734898059323_auto.png (attempt 8/20): gh: Not Found (HTTP 404)
[18:49:29] Sender published response comment.
[18:49:30] gh api failed: Delete screenshots/0161_1779734898059323_auto.png (attempt 9/20): gh: Not Found (HTTP 404)
[18:49:30] Fetcher detected new App Commands comment.
[18:49:30] Acknowledged autonomous report AUT-33-1779734871
[18:49:30] Acknowledged autonomous report AUT-34-1779734960
[18:49:31] gh api failed: Delete screenshots/0161_1779734898059323_auto.png (attempt 10/20): gh: Not Found (HTTP 404)
[18:49:32] gh api failed: Delete screenshots/0161_1779734898059323_auto.png (attempt 11/20): gh: Not Found (HTTP 404)
[18:49:34] gh api failed: Delete screenshots/0161_1779734898059323_auto.png (attempt 12/20): gh: Not Found (HTTP 404)
[18:49:35] gh api failed: Delete screenshots/0161_1779734898059323_auto.png (attempt 13/20): gh: Not Found (HTTP 404)
[18:49:36] gh api failed: Delete screenshots/0161_1779734898059323_auto.png (attempt 14/20): gh: Not Found (HTTP 404)
[18:49:38] gh api failed: Delete screenshots/0161_1779734898059323_auto.png (attempt 15/20): gh: Not Found (HTTP 404)
[18:49:39] gh api failed: Delete screenshots/0161_1779734898059323_auto.png (attempt 16/20): gh: Not Found (HTTP 404)
[18:49:41] gh api failed: Delete screenshots/0161_1779734898059323_auto.png (attempt 17/20): gh: Not Found (HTTP 404)
[18:49:42] gh api failed: Delete screenshots/0161_1779734898059323_auto.png (attempt 18/20): gh: Not Found (HTTP 404)
[18:49:43] gh api failed: Delete screenshots/0161_1779734898059323_auto.png (attempt 19/20): gh: Not Found (HTTP 404)
[18:49:45] gh api failed: Delete screenshots/0161_1779734898059323_auto.png (attempt 20/20): gh: Not Found (HTTP 404)
[18:49:47] Screenshot screenshots/0168_1779734933060191_auto.png uploaded successfully.
[18:49:47] Taking screenshot: screenshots/0169_1779734987165480_auto.png
[18:49:47] Uploading screenshot synchronously: screenshots/0169_1779734987165480_auto.png
[18:49:50] Agent alive
[18:49:51] Screenshot screenshots/0169_1779734987165480_auto.png uploaded successfully.
[18:49:52] Taking screenshot: screenshots/0170_1779734992165659_auto.png
[18:49:52] Uploading screenshot synchronously: screenshots/0170_1779734992165659_auto.png
[18:49:56] Screenshot screenshots/0170_1779734992165659_auto.png uploaded successfully.
[18:49:57] Taking screenshot: screenshots/0171_1779734997165782_auto.png
[18:49:57] Uploading screenshot synchronously: screenshots/0171_1779734997165782_auto.png
[18:49:59] Screenshot screenshots/0171_1779734997165782_auto.png uploaded successfully.
[18:50:02] Taking screenshot: screenshots/0172_1779735002165924_auto.png
[18:50:02] Uploading screenshot synchronously: screenshots/0172_1779735002165924_auto.png
[18:50:06] Screenshot screenshots/0172_1779735002165924_auto.png uploaded successfully.
[18:50:07] Taking screenshot: screenshots/0173_1779735007166037_auto.png
[18:50:07] Uploading screenshot synchronously: screenshots/0173_1779735007166037_auto.png
[18:50:10] Screenshot screenshots/0173_1779735007166037_auto.png uploaded successfully.
[18:50:12] Taking screenshot: screenshots/0174_1779735012166154_auto.png
[18:50:12] Uploading screenshot synchronously: screenshots/0174_1779735012166154_auto.png
[18:50:16] Screenshot screenshots/0174_1779735012166154_auto.png uploaded successfully.
[18:50:17] Taking screenshot: screenshots/0175_1779735017166270_auto.png
[18:50:17] Uploading screenshot synchronously: screenshots/0175_1779735017166270_auto.png
[18:50:20] Agent alive
[18:50:21] Screenshot screenshots/0175_1779735017166270_auto.png uploaded successfully.
[18:50:22] Taking screenshot: screenshots/0176_1779735022166404_auto.png
[18:50:22] Uploading screenshot synchronously: screenshots/0176_1779735022166404_auto.png
[18:50:25] Screenshot screenshots/0176_1779735022166404_auto.png uploaded successfully.
[18:50:27] Taking screenshot: screenshots/0177_1779735027166536_auto.png
[18:50:27] Uploading screenshot synchronously: screenshots/0177_1779735027166536_auto.png
[18:50:30] Screenshot screenshots/0177_1779735027166536_auto.png uploaded successfully.
[18:50:32] Taking screenshot: screenshots/0178_1779735032166684_auto.png
[18:50:32] Uploading screenshot synchronously: screenshots/0178_1779735032166684_auto.png
[18:50:34] Screenshot screenshots/0178_1779735032166684_auto.png uploaded successfully.
[18:50:37] Taking screenshot: screenshots/0179_1779735037166829_auto.png
[18:50:37] Uploading screenshot synchronously: screenshots/0179_1779735037166829_auto.png
[18:50:40] Screenshot screenshots/0179_1779735037166829_auto.png uploaded successfully.
[18:50:41] Fetcher detected new App Commands comment.
[18:50:41] Execution loop: processing APP-58554-20260525184847: tabnumber:0
[18:50:41] Enqueued for execution: APP-58554-20260525184847
[18:50:41] Enqueued for execution: APP-58555-20260525184848
[18:50:41] Enqueued for execution: APP-58556-20260525184848
[18:50:41] Acknowledged autonomous report AUT-34-1779734960
[18:50:41] New autonomous report: AUT-35-1779735041 -> Tabs: 1: Channel dashboard - YouTube Studio
[18:50:41] Executed APP-58554-20260525184847 -> ERR: invalid tab number
[18:50:41] Execution loop: processing APP-58555-20260525184848: tabs
[18:50:41] New autonomous report: AUT-36-1779735041 -> Tabs: 1: Channel dashboard - YouTube Studio
[18:50:41] Executed APP-58555-20260525184848 -> Tabs: 1: Channel dashboard - YouTube Studio
[18:50:41] Execution loop: processing APP-58556-20260525184848: dir
[18:50:41] Executed APP-58556-20260525184848 -> Files: (empty)
[18:50:42] Taking screenshot: screenshots/0180_1779735042166986_auto.png
[18:50:42] Uploading screenshot synchronously: screenshots/0180_1779735042166986_auto.png
[18:50:44] Sender published response comment.
[18:50:46] Screenshot screenshots/0180_1779735042166986_auto.png uploaded successfully.
[18:50:46] Fetcher detected new App Commands comment.
[18:50:46] Enqueued for execution: APP-58558-20260525184858
[18:50:46] Execution loop: processing APP-58558-20260525184858: (0.010000,0.010000)
[18:50:46] Cursor moved to (19, 9)
[18:50:46] Executed APP-58558-20260525184858 -> OK move(0.0099,0.0091)
[18:50:47] Taking screenshot: screenshots/0181_1779735047167134_auto.png
[18:50:47] Uploading screenshot synchronously: screenshots/0181_1779735047167134_auto.png
[18:50:50] Sender published response comment.
[18:50:50] Agent alive
[18:50:51] Screenshot screenshots/0181_1779735047167134_auto.png uploaded successfully.
[18:50:51] gh api failed: Delete screenshots/0175_1779735017166270_auto.png (attempt 1/20): gh: Not Found (HTTP 404)
[18:50:52] Taking screenshot: screenshots/0182_1779735052167280_auto.png
[18:50:52] Fetcher detected new App Commands comment.
[18:50:52] Re‑enqueued existing report for APP-58558-20260525184858
[18:50:52] Acknowledged autonomous report AUT-36-1779735041
[18:50:52] Acknowledged autonomous report AUT-35-1779735041
[18:50:52] Uploading screenshot synchronously: screenshots/0182_1779735052167280_auto.png
[18:50:53] gh api failed: Delete screenshots/0175_1779735017166270_auto.png (attempt 2/20): gh: Not Found (HTTP 404)
[18:50:54] gh api failed: Delete screenshots/0175_1779735017166270_auto.png (attempt 3/20): gh: Not Found (HTTP 404)
[18:50:55] Sender published response comment.
[18:50:56] gh api failed: Delete screenshots/0175_1779735017166270_auto.png (attempt 4/20): gh: Not Found (HTTP 404)
[18:50:57] gh api failed: Delete screenshots/0175_1779735017166270_auto.png (attempt 5/20): gh: Not Found (HTTP 404)
[18:50:57] Fetcher detected new App Commands comment.
[18:50:57] Acknowledged autonomous report AUT-36-1779735041
[18:50:57] Acknowledged autonomous report AUT-35-1779735041
[18:50:58] gh api failed: Delete screenshots/0175_1779735017166270_auto.png (attempt 6/20): gh: Not Found (HTTP 404)
[18:51:00] gh api failed: Delete screenshots/0175_1779735017166270_auto.png (attempt 7/20): gh: Not Found (HTTP 404)
[18:51:01] gh api failed: Delete screenshots/0175_1779735017166270_auto.png (attempt 8/20): gh: Not Found (HTTP 404)
[18:51:02] gh api failed: Delete screenshots/0175_1779735017166270_auto.png (attempt 9/20): gh: Not Found (HTTP 404)
[18:51:04] gh api failed: Delete screenshots/0175_1779735017166270_auto.png (attempt 10/20): gh: Not Found (HTTP 404)
[18:51:05] gh api failed: Delete screenshots/0175_1779735017166270_auto.png (attempt 11/20): gh: Not Found (HTTP 404)
[18:51:06] gh api failed: Delete screenshots/0175_1779735017166270_auto.png (attempt 12/20): gh: Not Found (HTTP 404)
[18:51:08] gh api failed: Delete screenshots/0175_1779735017166270_auto.png (attempt 13/20): gh: Not Found (HTTP 404)
[18:51:09] gh api failed: Delete screenshots/0175_1779735017166270_auto.png (attempt 14/20): gh: Not Found (HTTP 404)
[18:51:11] gh api failed: Delete screenshots/0175_1779735017166270_auto.png (attempt 15/20): gh: Not Found (HTTP 404)
[18:51:12] gh api failed: Delete screenshots/0175_1779735017166270_auto.png (attempt 16/20): gh: Not Found (HTTP 404)
[18:51:13] gh api failed: Delete screenshots/0175_1779735017166270_auto.png (attempt 17/20): gh: Not Found (HTTP 404)
[18:51:15] gh api failed: Delete screenshots/0175_1779735017166270_auto.png (attempt 18/20): gh: Not Found (HTTP 404)
[18:51:16] gh api failed: Delete screenshots/0175_1779735017166270_auto.png (attempt 19/20): gh: Not Found (HTTP 404)
[18:51:17] gh api failed: Delete screenshots/0175_1779735017166270_auto.png (attempt 20/20): gh: Not Found (HTTP 404)
[18:51:20] Screenshot screenshots/0182_1779735052167280_auto.png uploaded successfully.
[18:51:20] Taking screenshot: screenshots/0183_1779735080139860_auto.png
[18:51:20] Uploading screenshot synchronously: screenshots/0183_1779735080139860_auto.png
[18:51:20] Agent alive
[18:51:20] New autonomous report: AUT-37-1779735080 -> Available memory: 14353 MB
[18:51:24] gh api failed: Upload screenshots/0183_1779735080139860_auto.png (352432 bytes) (attempt 1/20): gh: is at c748e6641e104aa460f50cbccc7f12662d2f155f but expected 9493b0a3cc671e8ddb8c3453b1efb89d2a150503 (HTTP 409)
[18:51:26] Sender published response comment.
[18:51:27] Screenshot screenshots/0183_1779735080139860_auto.png uploaded successfully.
[18:51:27] Taking screenshot: screenshots/0184_1779735087121823_auto.png
[18:51:27] Uploading screenshot synchronously: screenshots/0184_1779735087121823_auto.png
[18:51:30] Fetcher detected new App Commands comment.
[18:51:30] Acknowledged autonomous report AUT-36-1779735041
[18:51:30] Acknowledged autonomous report AUT-35-1779735041
[18:51:30] Acknowledged autonomous report AUT-37-1779735080
[18:51:31] Screenshot screenshots/0184_1779735087121823_auto.png uploaded successfully.
[18:51:32] Taking screenshot: screenshots/0185_1779735092121963_auto.png
[18:51:32] Uploading screenshot synchronously: screenshots/0185_1779735092121963_auto.png
[18:51:36] Screenshot screenshots/0185_1779735092121963_auto.png uploaded successfully.
[18:51:37] Taking screenshot: screenshots/0186_1779735097122074_auto.png
[18:51:37] Uploading screenshot synchronously: screenshots/0186_1779735097122074_auto.png
[18:51:40] Screenshot screenshots/0186_1779735097122074_auto.png uploaded successfully.
[18:51:42] Taking screenshot: screenshots/0187_1779735102122184_auto.png
[18:51:42] gh api failed: Upload logs/command_mouse_keyboard.log (168035 bytes) (attempt 1/20): gh: is at c732abc93696418651248ed3ef582f76496bb9d9 but expected a23522fbaf260e34bb7500f61397557d0dab5863 (HTTP 409)
[18:51:42] Uploading screenshot synchronously: screenshots/0187_1779735102122184_auto.png
[18:51:47] Screenshot screenshots/0187_1779735102122184_auto.png uploaded successfully.
[18:51:47] Taking screenshot: screenshots/0188_1779735107607009_auto.png
[18:51:48] Uploading screenshot synchronously: screenshots/0188_1779735107607009_auto.png
[18:51:50] Agent alive
[18:51:51] gh api failed: Upload screenshots/0188_1779735107607009_auto.png (352432 bytes) (attempt 1/20): gh: is at 55b9240340f23fd49a2fee00b0bf83eb8b4b0deb but expected bc0457c59f8dfd9cc898e30fd7e3e190606de7d2 (HTTP 409)
[18:51:54] Screenshot screenshots/0188_1779735107607009_auto.png uploaded successfully.
[18:51:54] Taking screenshot: screenshots/0189_1779735114296234_auto.png
[18:51:54] Uploading screenshot synchronously: screenshots/0189_1779735114296234_auto.png
[18:51:59] Screenshot screenshots/0189_1779735114296234_auto.png uploaded successfully.
[18:51:59] Taking screenshot: screenshots/0190_1779735119296384_auto.png
[18:51:59] Uploading screenshot synchronously: screenshots/0190_1779735119296384_auto.png
[18:52:01] Screenshot screenshots/0190_1779735119296384_auto.png uploaded successfully.
[18:52:04] Taking screenshot: screenshots/0191_1779735124296501_auto.png
[18:52:04] Uploading screenshot synchronously: screenshots/0191_1779735124296501_auto.png
[18:52:06] Screenshot screenshots/0191_1779735124296501_auto.png uploaded successfully.
[18:52:09] Taking screenshot: screenshots/0192_1779735129296587_auto.png
[18:52:09] Uploading screenshot synchronously: screenshots/0192_1779735129296587_auto.png
[18:52:12] Screenshot screenshots/0192_1779735129296587_auto.png uploaded successfully.
[18:52:13] gh api failed: Delete screenshots/0186_1779735097122074_auto.png (attempt 1/20): gh: Not Found (HTTP 404)
[18:52:14] Taking screenshot: screenshots/0193_1779735134296697_auto.png
[18:52:14] gh api failed: Delete screenshots/0186_1779735097122074_auto.png (attempt 2/20): gh: Not Found (HTTP 404)
[18:52:14] Uploading screenshot synchronously: screenshots/0193_1779735134296697_auto.png
[18:52:16] gh api failed: Delete screenshots/0186_1779735097122074_auto.png (attempt 3/20): gh: Not Found (HTTP 404)
[18:52:17] gh api failed: Delete screenshots/0186_1779735097122074_auto.png (attempt 4/20): gh: Not Found (HTTP 404)
[18:52:18] gh api failed: Delete screenshots/0186_1779735097122074_auto.png (attempt 5/20): gh: Not Found (HTTP 404)
[18:52:20] gh api failed: Delete screenshots/0186_1779735097122074_auto.png (attempt 6/20): gh: Not Found (HTTP 404)
[18:52:20] Agent alive
[18:52:21] gh api failed: Delete screenshots/0186_1779735097122074_auto.png (attempt 7/20): gh: Not Found (HTTP 404)
[18:52:22] gh api failed: Delete screenshots/0186_1779735097122074_auto.png (attempt 8/20): gh: Not Found (HTTP 404)
[18:52:24] gh api failed: Delete screenshots/0186_1779735097122074_auto.png (attempt 9/20): gh: Not Found (HTTP 404)
[18:52:25] gh api failed: Delete screenshots/0186_1779735097122074_auto.png (attempt 10/20): gh: Not Found (HTTP 404)
[18:52:27] gh api failed: Delete screenshots/0186_1779735097122074_auto.png (attempt 11/20): gh: Not Found (HTTP 404)
[18:52:28] gh api failed: Delete screenshots/0186_1779735097122074_auto.png (attempt 12/20): gh: Not Found (HTTP 404)
[18:52:29] gh api failed: Delete screenshots/0186_1779735097122074_auto.png (attempt 13/20): gh: Not Found (HTTP 404)
[18:52:31] gh api failed: Delete screenshots/0186_1779735097122074_auto.png (attempt 14/20): gh: Not Found (HTTP 404)
[18:52:32] gh api failed: Delete screenshots/0186_1779735097122074_auto.png (attempt 15/20): gh: Not Found (HTTP 404)
[18:52:33] gh api failed: Delete screenshots/0186_1779735097122074_auto.png (attempt 16/20): gh: Not Found (HTTP 404)
[18:52:35] gh api failed: Delete screenshots/0186_1779735097122074_auto.png (attempt 17/20): gh: Not Found (HTTP 404)
[18:52:36] gh api failed: Delete screenshots/0186_1779735097122074_auto.png (attempt 18/20): gh: Not Found (HTTP 404)
[18:52:38] gh api failed: Delete screenshots/0186_1779735097122074_auto.png (attempt 19/20): gh: Not Found (HTTP 404)
[18:52:39] gh api failed: Delete screenshots/0186_1779735097122074_auto.png (attempt 20/20): gh: Not Found (HTTP 404)
[18:52:41] Screenshot screenshots/0193_1779735134296697_auto.png uploaded successfully.
[18:52:41] Taking screenshot: screenshots/0194_1779735161480115_auto.png
[18:52:41] Uploading screenshot synchronously: screenshots/0194_1779735161480115_auto.png
[18:52:45] Screenshot screenshots/0194_1779735161480115_auto.png uploaded successfully.
[18:52:46] Taking screenshot: screenshots/0195_1779735166480248_auto.png
[18:52:46] Uploading screenshot synchronously: screenshots/0195_1779735166480248_auto.png
[18:52:50] Agent alive
[18:52:51] Screenshot screenshots/0195_1779735166480248_auto.png uploaded successfully.
[18:52:51] Taking screenshot: screenshots/0196_1779735171480327_auto.png
[18:52:51] Uploading screenshot synchronously: screenshots/0196_1779735171480327_auto.png
[18:52:52] Fetcher detected new App Commands comment.
[18:52:52] Acknowledged autonomous report AUT-37-1779735080
[18:52:52] Enqueued for execution: APP-58562-20260525185059
[18:52:52] Execution loop: processing APP-58562-20260525185059: tabs
[18:52:52] Enqueued for execution: APP-58563-20260525185059
[18:52:52] New autonomous report: AUT-38-1779735172 -> Tabs: 1: Channel dashboard - YouTube Studio
[18:52:52] Executed APP-58562-20260525185059 -> Tabs: 1: Channel dashboard - YouTube Studio
[18:52:52] Execution loop: processing APP-58563-20260525185059: dir
[18:52:52] Executed APP-58563-20260525185059 -> Files: (empty)
[18:52:55] Screenshot screenshots/0196_1779735171480327_auto.png uploaded successfully.
[18:52:56] Taking screenshot: screenshots/0197_1779735176480468_auto.png
[18:52:56] Sender published response comment.
[18:52:56] Uploading screenshot synchronously: screenshots/0197_1779735176480468_auto.png
[18:52:59] Screenshot screenshots/0197_1779735176480468_auto.png uploaded successfully.
[18:53:01] Taking screenshot: screenshots/0198_1779735181480591_auto.png
[18:53:01] Uploading screenshot synchronously: screenshots/0198_1779735181480591_auto.png
[18:53:01] Sender published response comment.
[18:53:06] Screenshot screenshots/0198_1779735181480591_auto.png uploaded successfully.
[18:53:06] Taking screenshot: screenshots/0199_1779735186480739_auto.png
[18:53:06] Uploading screenshot synchronously: screenshots/0199_1779735186480739_auto.png
[18:53:07] Sender published response comment.
[18:53:08] Fetcher detected new App Commands comment.
[18:53:08] Enqueued for execution: APP-58568-20260525185124
[18:53:08] Execution loop: processing APP-58568-20260525185124: (0.010000,0.010000)
[18:53:08] Cursor moved to (19, 9)
[18:53:08] Executed APP-58568-20260525185124 -> OK move(0.0099,0.0091)
[18:53:10] Screenshot screenshots/0199_1779735186480739_auto.png uploaded successfully.
[18:53:11] Taking screenshot: screenshots/0200_1779735191480861_auto.png
[18:53:11] Uploading screenshot synchronously: screenshots/0200_1779735191480861_auto.png
[18:53:12] Sender published response comment.
[18:53:13] Fetcher detected new App Commands comment.
[18:53:14] Re‑enqueued existing report for APP-58568-20260525185124
[18:53:14] Acknowledged autonomous report AUT-38-1779735172
[18:53:15] Screenshot screenshots/0200_1779735191480861_auto.png uploaded successfully.
[18:53:16] Taking screenshot: screenshots/0201_1779735196480984_auto.png
[18:53:16] Uploading screenshot synchronously: screenshots/0201_1779735196480984_auto.png
[18:53:18] Sender published response comment.
[18:53:19] Fetcher detected new App Commands comment.
[18:53:19] Acknowledged autonomous report AUT-38-1779735172
[18:53:19] Screenshot screenshots/0201_1779735196480984_auto.png uploaded successfully.
[18:53:20] Agent alive
[18:53:20] New autonomous report: AUT-39-1779735200 -> Available memory: 14360 MB
[18:53:21] Taking screenshot: screenshots/0202_1779735201481128_auto.png
[18:53:21] Uploading screenshot synchronously: screenshots/0202_1779735201481128_auto.png
[18:53:23] Sender published response comment.
[18:53:24] Screenshot screenshots/0202_1779735201481128_auto.png uploaded successfully.
[18:53:25] Fetcher detected new App Commands comment.
[18:53:25] Enqueued for execution: APP-58570-20260525185137
[18:53:25] Execution loop: processing APP-58570-20260525185137: (0.010000,0.010000)
[18:53:25] Cursor moved to (19, 9)
[18:53:25] Executed APP-58570-20260525185137 -> OK move(0.0099,0.0091)
[18:53:26] Taking screenshot: screenshots/0203_1779735206481238_auto.png
[18:53:26] Uploading screenshot synchronously: screenshots/0203_1779735206481238_auto.png
[18:53:29] Sender published response comment.
[18:53:30] Screenshot screenshots/0203_1779735206481238_auto.png uploaded successfully.
[18:53:31] Taking screenshot: screenshots/0204_1779735211481361_auto.png
[18:53:31] Uploading screenshot synchronously: screenshots/0204_1779735211481361_auto.png
[18:53:34] Sender published response comment.
[18:53:35] Screenshot screenshots/0204_1779735211481361_auto.png uploaded successfully.
[18:53:36] Taking screenshot: screenshots/0205_1779735216481480_auto.png
[18:53:36] Uploading screenshot synchronously: screenshots/0205_1779735216481480_auto.png
[18:53:39] Screenshot screenshots/0205_1779735216481480_auto.png uploaded successfully.
[18:53:40] Sender published response comment.
[18:53:41] Taking screenshot: screenshots/0206_1779735221481626_auto.png
[18:53:41] Uploading screenshot synchronously: screenshots/0206_1779735221481626_auto.png
[18:53:45] Sender published response comment.
[18:53:46] Screenshot screenshots/0206_1779735221481626_auto.png uploaded successfully.
[18:53:46] Taking screenshot: screenshots/0207_1779735226794705_auto.png
[18:53:47] Uploading screenshot synchronously: screenshots/0207_1779735226794705_auto.png
[18:53:50] Agent alive
[18:53:51] Sender published response comment.
[18:53:51] Screenshot screenshots/0207_1779735226794705_auto.png uploaded successfully.
[18:53:51] Taking screenshot: screenshots/0208_1779735231794856_auto.png
[18:53:52] Uploading screenshot synchronously: screenshots/0208_1779735231794856_auto.png
[18:53:55] Screenshot screenshots/0208_1779735231794856_auto.png uploaded successfully.
[18:53:56] Sender published response comment.
[18:53:56] Taking screenshot: screenshots/0209_1779735236794968_auto.png
[18:53:57] Uploading screenshot synchronously: screenshots/0209_1779735236794968_auto.png
[18:54:00] Screenshot screenshots/0209_1779735236794968_auto.png uploaded successfully.
[18:54:01] Taking screenshot: screenshots/0210_1779735241795084_auto.png
[18:54:02] Sender published response comment.
[18:54:02] Uploading screenshot synchronously: screenshots/0210_1779735241795084_auto.png
[18:54:04] Screenshot screenshots/0210_1779735241795084_auto.png uploaded successfully.
[18:54:06] gh api failed: Upload logs/command_mouse_keyboard.log (179171 bytes) (attempt 1/20): gh: is at b2129464edacce2b7bb8b0bc7b5fefb505296f6d but expected 994947ebef2256a9701aec3627b19e4da52a143a (HTTP 409)
[18:54:06] Taking screenshot: screenshots/0211_1779735246795208_auto.png
[18:54:07] Uploading screenshot synchronously: screenshots/0211_1779735246795208_auto.png
[18:54:07] Sender published response comment.
[18:54:08] Fetcher detected new App Commands comment.
[18:54:08] Enqueued for execution: APP-58576-20260525185222
[18:54:08] Execution loop: processing APP-58576-20260525185222: (0.010000,0.010000)
[18:54:09] Cursor moved to (19, 9)
[18:54:09] Executed APP-58576-20260525185222 -> OK move(0.0099,0.0091)
[18:54:11] Screenshot screenshots/0211_1779735246795208_auto.png uploaded successfully.
[18:54:11] Taking screenshot: screenshots/0212_1779735251795319_auto.png
[18:54:12] Uploading screenshot synchronously: screenshots/0212_1779735251795319_auto.png
[18:54:13] Sender published response comment.
[18:54:15] gh api failed: Upload screenshots/0212_1779735251795319_auto.png (352432 bytes) (attempt 1/20): gh: is at 8b21f124b3cef556e134ee88b5ca06943c46ae83 but expected 99bfe8441c4e40e3f8f695c231ab9b62f73b6e8e (HTTP 409)
[18:54:18] Sender published response comment.
[18:54:19] Screenshot screenshots/0212_1779735251795319_auto.png uploaded successfully.
[18:54:19] Taking screenshot: screenshots/0213_1779735259089866_auto.png
[18:54:19] gh api failed: Delete screenshots/0206_1779735221481626_auto.png (attempt 1/20): gh: Not Found (HTTP 404)
[18:54:19] Uploading screenshot synchronously: screenshots/0213_1779735259089866_auto.png
[18:54:19] Fetcher detected new App Commands comment.
[18:54:19] Execution loop: processing APP-58577-20260525185235: (0.990000,0.990000)
[18:54:19] Enqueued for execution: APP-58577-20260525185235
[18:54:19] Cursor moved to (1897, 980)
[18:54:19] Executed APP-58577-20260525185235 -> OK move(0.9901,0.9909)
[18:54:20] gh api failed: Delete screenshots/0206_1779735221481626_auto.png (attempt 2/20): gh: Not Found (HTTP 404)
[18:54:20] Agent alive
[18:54:22] gh api failed: Delete screenshots/0206_1779735221481626_auto.png (attempt 3/20): gh: Not Found (HTTP 404)
[18:54:23] gh api failed: Delete screenshots/0206_1779735221481626_auto.png (attempt 4/20): gh: Not Found (HTTP 404)
[18:54:24] Sender published response comment.
[18:54:24] gh api failed: Delete screenshots/0206_1779735221481626_auto.png (attempt 5/20): gh: Not Found (HTTP 404)
[18:54:26] gh api failed: Delete screenshots/0206_1779735221481626_auto.png (attempt 6/20): gh: Not Found (HTTP 404)
[18:54:27] gh api failed: Delete screenshots/0206_1779735221481626_auto.png (attempt 7/20): gh: Not Found (HTTP 404)
[18:54:29] gh api failed: Delete screenshots/0206_1779735221481626_auto.png (attempt 8/20): gh: Not Found (HTTP 404)
[18:54:29] Sender published response comment.
[18:54:30] gh api failed: Delete screenshots/0206_1779735221481626_auto.png (attempt 9/20): gh: Not Found (HTTP 404)
[18:54:31] gh api failed: Delete screenshots/0206_1779735221481626_auto.png (attempt 10/20): gh: Not Found (HTTP 404)
[18:54:33] gh api failed: Delete screenshots/0206_1779735221481626_auto.png (attempt 11/20): gh: Not Found (HTTP 404)
[18:54:34] gh api failed: Delete screenshots/0206_1779735221481626_auto.png (attempt 12/20): gh: Not Found (HTTP 404)
[18:54:35] Sender published response comment.
[18:54:36] gh api failed: Delete screenshots/0206_1779735221481626_auto.png (attempt 13/20): gh: Not Found (HTTP 404)
[18:54:37] gh api failed: Delete screenshots/0206_1779735221481626_auto.png (attempt 14/20): gh: Not Found (HTTP 404)
[18:54:38] gh api failed: Delete screenshots/0206_1779735221481626_auto.png (attempt 15/20): gh: Not Found (HTTP 404)
[18:54:40] gh api failed: Delete screenshots/0206_1779735221481626_auto.png (attempt 16/20): gh: Not Found (HTTP 404)
[18:54:40] Sender published response comment.
[18:54:41] gh api failed: Delete screenshots/0206_1779735221481626_auto.png (attempt 17/20): gh: Not Found (HTTP 404)
[18:54:42] gh api failed: Delete screenshots/0206_1779735221481626_auto.png (attempt 18/20): gh: Not Found (HTTP 404)
[18:54:44] gh api failed: Delete screenshots/0206_1779735221481626_auto.png (attempt 19/20): gh: Not Found (HTTP 404)
[18:54:45] gh api failed: Delete screenshots/0206_1779735221481626_auto.png (attempt 20/20): gh: Not Found (HTTP 404)
[18:54:45] Sender published response comment.
[18:54:47] Screenshot screenshots/0213_1779735259089866_auto.png uploaded successfully.
[18:54:47] Taking screenshot: screenshots/0214_1779735287439285_auto.png
[18:54:47] Uploading screenshot synchronously: screenshots/0214_1779735287439285_auto.png
[18:54:50] Agent alive
[18:54:51] Sender published response comment.
[18:54:51] Screenshot screenshots/0214_1779735287439285_auto.png uploaded successfully.
[18:54:52] Taking screenshot: screenshots/0215_1779735292439414_auto.png
[18:54:52] Uploading screenshot synchronously: screenshots/0215_1779735292439414_auto.png
[18:54:57] Sender published response comment.
[18:54:57] Screenshot screenshots/0215_1779735292439414_auto.png uploaded successfully.
[18:54:57] Taking screenshot: screenshots/0216_1779735297439527_auto.png
[18:54:57] Uploading screenshot synchronously: screenshots/0216_1779735297439527_auto.png
[18:55:00] Screenshot screenshots/0216_1779735297439527_auto.png uploaded successfully.
[18:55:02] Taking screenshot: screenshots/0217_1779735302439612_auto.png
[18:55:02] Sender published response comment.
[18:55:02] Uploading screenshot synchronously: screenshots/0217_1779735302439612_auto.png
[18:55:04] Screenshot screenshots/0217_1779735302439612_auto.png uploaded successfully.
[18:55:05] gh api failed: Delete screenshots/0210_1779735241795084_auto.png (attempt 1/20): gh: Not Found (HTTP 404)
[18:55:06] gh api failed: Delete screenshots/0210_1779735241795084_auto.png (attempt 2/20): gh: Not Found (HTTP 404)
[18:55:07] Taking screenshot: screenshots/0218_1779735307439738_auto.png
[18:55:07] Uploading screenshot synchronously: screenshots/0218_1779735307439738_auto.png
[18:55:08] gh api failed: Delete screenshots/0210_1779735241795084_auto.png (attempt 3/20): gh: Not Found (HTTP 404)
[18:55:08] Sender published response comment.
[18:55:09] gh api failed: Delete screenshots/0210_1779735241795084_auto.png (attempt 4/20): gh: Not Found (HTTP 404)
[18:55:10] gh api failed: Delete screenshots/0210_1779735241795084_auto.png (attempt 5/20): gh: Not Found (HTTP 404)
[18:55:12] gh api failed: Delete screenshots/0210_1779735241795084_auto.png (attempt 6/20): gh: Not Found (HTTP 404)
[18:55:13] gh api failed: Delete screenshots/0210_1779735241795084_auto.png (attempt 7/20): gh: Not Found (HTTP 404)
[18:55:13] Sender published response comment.
[18:55:14] gh api failed: Delete screenshots/0210_1779735241795084_auto.png (attempt 8/20): gh: Not Found (HTTP 404)
[18:55:16] gh api failed: Delete screenshots/0210_1779735241795084_auto.png (attempt 9/20): gh: Not Found (HTTP 404)
[18:55:17] gh api failed: Delete screenshots/0210_1779735241795084_auto.png (attempt 10/20): gh: Not Found (HTTP 404)
[18:55:19] Sender published response comment.
[18:55:19] gh api failed: Delete screenshots/0210_1779735241795084_auto.png (attempt 11/20): gh: Not Found (HTTP 404)
[18:55:20] gh api failed: Delete screenshots/0210_1779735241795084_auto.png (attempt 12/20): gh: Not Found (HTTP 404)
[18:55:20] Agent alive
[18:55:20] New autonomous report: AUT-40-1779735320 -> Available memory: 14365 MB
[18:55:21] gh api failed: Delete screenshots/0210_1779735241795084_auto.png (attempt 13/20): gh: Not Found (HTTP 404)
[18:55:23] gh api failed: Delete screenshots/0210_1779735241795084_auto.png (attempt 14/20): gh: Not Found (HTTP 404)
[18:55:24] Sender published response comment.
[18:55:24] gh api failed: Delete screenshots/0210_1779735241795084_auto.png (attempt 15/20): gh: Not Found (HTTP 404)
[18:55:26] gh api failed: Delete screenshots/0210_1779735241795084_auto.png (attempt 16/20): gh: Not Found (HTTP 404)
[18:55:27] gh api failed: Delete screenshots/0210_1779735241795084_auto.png (attempt 17/20): gh: Not Found (HTTP 404)
[18:55:28] gh api failed: Delete screenshots/0210_1779735241795084_auto.png (attempt 18/20): gh: Not Found (HTTP 404)
[18:55:30] Sender published response comment.
[18:55:30] gh api failed: Delete screenshots/0210_1779735241795084_auto.png (attempt 19/20): gh: Not Found (HTTP 404)
[18:55:31] Fetcher detected new App Commands comment.
[18:55:31] Acknowledged autonomous report AUT-40-1779735320
[18:55:31] gh api failed: Delete screenshots/0210_1779735241795084_auto.png (attempt 20/20): gh: Not Found (HTTP 404)
[18:55:31] gh api failed: Delete screenshots/0211_1779735246795208_auto.png (attempt 1/20): gh: Not Found (HTTP 404)
[18:55:33] gh api failed: Delete screenshots/0211_1779735246795208_auto.png (attempt 2/20): gh: Not Found (HTTP 404)
[18:55:34] gh api failed: Delete screenshots/0211_1779735246795208_auto.png (attempt 3/20): gh: Not Found (HTTP 404)
[18:55:35] Sender published response comment.
[18:55:35] gh api failed: Delete screenshots/0211_1779735246795208_auto.png (attempt 4/20): gh: Not Found (HTTP 404)
[18:55:37] gh api failed: Delete screenshots/0211_1779735246795208_auto.png (attempt 5/20): gh: Not Found (HTTP 404)
[18:55:38] gh api failed: Delete screenshots/0211_1779735246795208_auto.png (attempt 6/20): gh: Not Found (HTTP 404)
[18:55:39] gh api failed: Delete screenshots/0211_1779735246795208_auto.png (attempt 7/20): gh: Not Found (HTTP 404)
[18:55:41] Sender published response comment.
[18:55:41] gh api failed: Delete screenshots/0211_1779735246795208_auto.png (attempt 8/20): gh: Not Found (HTTP 404)
[18:55:42] gh api failed: Delete screenshots/0211_1779735246795208_auto.png (attempt 9/20): gh: Not Found (HTTP 404)
[18:55:44] gh api failed: Delete screenshots/0211_1779735246795208_auto.png (attempt 10/20): gh: Not Found (HTTP 404)
[18:55:45] gh api failed: Delete screenshots/0211_1779735246795208_auto.png (attempt 11/20): gh: Not Found (HTTP 404)
[18:55:46] Sender published response comment.
[18:55:46] gh api failed: Delete screenshots/0211_1779735246795208_auto.png (attempt 12/20): gh: Not Found (HTTP 404)
[18:55:48] gh api failed: Delete screenshots/0211_1779735246795208_auto.png (attempt 13/20): gh: Not Found (HTTP 404)
[18:55:49] gh api failed: Delete screenshots/0211_1779735246795208_auto.png (attempt 14/20): gh: Not Found (HTTP 404)
[18:55:50] gh api failed: Delete screenshots/0211_1779735246795208_auto.png (attempt 15/20): gh: Not Found (HTTP 404)
[18:55:50] Agent alive
[18:55:52] Sender published response comment.
[18:55:52] gh api failed: Delete screenshots/0211_1779735246795208_auto.png (attempt 16/20): gh: Not Found (HTTP 404)
[18:55:53] gh api failed: Delete screenshots/0211_1779735246795208_auto.png (attempt 17/20): gh: Not Found (HTTP 404)
[18:55:54] gh api failed: Delete screenshots/0211_1779735246795208_auto.png (attempt 18/20): gh: Not Found (HTTP 404)
[18:55:56] gh api failed: Delete screenshots/0211_1779735246795208_auto.png (attempt 19/20): gh: Not Found (HTTP 404)
[18:55:57] Sender published response comment.
[18:55:57] gh api failed: Delete screenshots/0211_1779735246795208_auto.png (attempt 20/20): gh: Not Found (HTTP 404)
[18:56:00] Screenshot screenshots/0218_1779735307439738_auto.png uploaded successfully.
[18:56:00] Taking screenshot: screenshots/0219_1779735360103884_auto.png
[18:56:00] Uploading screenshot synchronously: screenshots/0219_1779735360103884_auto.png
[18:56:03] Sender published response comment.
[18:56:04] Screenshot screenshots/0219_1779735360103884_auto.png uploaded successfully.
[18:56:05] Taking screenshot: screenshots/0220_1779735365104056_auto.png
[18:56:05] gh api failed: Delete screenshots/0213_1779735259089866_auto.png (attempt 1/20): gh: is at d5aaefdf59a66d8556d8c58bef45d997dd0ccc37 but expected 8c73010a69de7a23637c8c1663130ad67809b813 (HTTP 409)
[18:56:05] Uploading screenshot synchronously: screenshots/0220_1779735365104056_auto.png
[18:56:06] gh api failed: Delete screenshots/0213_1779735259089866_auto.png (attempt 2/20): gh: Not Found (HTTP 404)
[18:56:08] gh api failed: Delete screenshots/0213_1779735259089866_auto.png (attempt 3/20): gh: Not Found (HTTP 404)
[18:56:08] Sender published response comment.
[18:56:09] gh api failed: Delete screenshots/0213_1779735259089866_auto.png (attempt 4/20): gh: Not Found (HTTP 404)
[18:56:11] gh api failed: Delete screenshots/0213_1779735259089866_auto.png (attempt 5/20): gh: Not Found (HTTP 404)
[18:56:12] gh api failed: Delete screenshots/0213_1779735259089866_auto.png (attempt 6/20): gh: Not Found (HTTP 404)
[18:56:13] gh api failed: Delete screenshots/0213_1779735259089866_auto.png (attempt 7/20): gh: Not Found (HTTP 404)
[18:56:14] Sender published response comment.
[18:56:15] gh api failed: Delete screenshots/0213_1779735259089866_auto.png (attempt 8/20): gh: Not Found (HTTP 404)
[18:56:15] Fetcher detected new App Commands comment.
[18:56:15] Acknowledged autonomous report AUT-40-1779735320
[18:56:15] Execution loop: processing APP-58579-20260525185425: tabs
[18:56:15] Enqueued for execution: APP-58579-20260525185425
[18:56:15] Enqueued for execution: APP-58580-20260525185425
[18:56:15] New autonomous report: AUT-41-1779735375 -> Tabs: 1: Channel dashboard - YouTube Studio
[18:56:15] Executed APP-58579-20260525185425 -> Tabs: 1: Channel dashboard - YouTube Studio
[18:56:15] Execution loop: processing APP-58580-20260525185425: dir
[18:56:15] Executed APP-58580-20260525185425 -> Files: (empty)
[18:56:16] gh api failed: Delete screenshots/0213_1779735259089866_auto.png (attempt 9/20): gh: Not Found (HTTP 404)
[18:56:17] gh api failed: Delete screenshots/0213_1779735259089866_auto.png (attempt 10/20): gh: Not Found (HTTP 404)
[18:56:19] gh api failed: Delete screenshots/0213_1779735259089866_auto.png (attempt 11/20): gh: Not Found (HTTP 404)
[18:56:19] Sender published response comment.
[18:56:20] gh api failed: Delete screenshots/0213_1779735259089866_auto.png (attempt 12/20): gh: Not Found (HTTP 404)
[18:56:20] Agent alive
[18:56:21] gh api failed: Delete screenshots/0213_1779735259089866_auto.png (attempt 13/20): gh: Not Found (HTTP 404)
[18:56:23] gh api failed: Delete screenshots/0213_1779735259089866_auto.png (attempt 14/20): gh: Not Found (HTTP 404)
[18:56:24] gh api failed: Delete screenshots/0213_1779735259089866_auto.png (attempt 15/20): gh: Not Found (HTTP 404)
[18:56:24] Sender published response comment.
[18:56:25] gh api failed: Delete screenshots/0213_1779735259089866_auto.png (attempt 16/20): gh: Not Found (HTTP 404)
[18:56:26] Fetcher detected new App Commands comment.
[18:56:26] Acknowledged autonomous report AUT-40-1779735320
[18:56:26] Acknowledged autonomous report AUT-41-1779735375
[18:56:27] gh api failed: Delete screenshots/0213_1779735259089866_auto.png (attempt 17/20): gh: Not Found (HTTP 404)
[18:56:28] gh api failed: Delete screenshots/0213_1779735259089866_auto.png (attempt 18/20): gh: Not Found (HTTP 404)
[18:56:30] gh api failed: Delete screenshots/0213_1779735259089866_auto.png (attempt 19/20): gh: Not Found (HTTP 404)
[18:56:30] Sender published response comment.
[18:56:31] gh api failed: Delete screenshots/0213_1779735259089866_auto.png (attempt 20/20): gh: Not Found (HTTP 404)
[18:56:33] Screenshot screenshots/0220_1779735365104056_auto.png uploaded successfully.
[18:56:33] Taking screenshot: screenshots/0221_1779735393412385_auto.png
[18:56:33] Uploading screenshot synchronously: screenshots/0221_1779735393412385_auto.png
[18:56:35] Sender published response comment.
[18:56:37] gh api failed: Upload screenshots/0221_1779735393412385_auto.png (352500 bytes) (attempt 1/20): gh: is at 0d77e8122438e516a0dc57d85238184ed69bc9c7 but expected 40fd75e7783536b125047be29d492d19c11a4986 (HTTP 409)
[18:56:40] Screenshot screenshots/0221_1779735393412385_auto.png uploaded successfully.
[18:56:40] Taking screenshot: screenshots/0222_1779735400661702_auto.png
[18:56:41] gh api failed: Delete screenshots/0215_1779735292439414_auto.png (attempt 1/20): gh: Not Found (HTTP 404)
[18:56:41] Uploading screenshot synchronously: screenshots/0222_1779735400661702_auto.png
[18:56:41] Sender published response comment.
[18:56:42] gh api failed: Delete screenshots/0215_1779735292439414_auto.png (attempt 2/20): gh: Not Found (HTTP 404)
[18:56:42] Fetcher detected new App Commands comment.
[18:56:42] Execution loop: processing APP-58584-20260525185454: (0.010000,0.010000)
[18:56:42] Enqueued for execution: APP-58584-20260525185454
[18:56:42] Cursor moved to (19, 9)
[18:56:42] Executed APP-58584-20260525185454 -> OK move(0.0099,0.0091)
[18:56:43] gh api failed: Delete screenshots/0215_1779735292439414_auto.png (attempt 3/20): gh: Not Found (HTTP 404)
[18:56:45] gh api failed: Delete screenshots/0215_1779735292439414_auto.png (attempt 4/20): gh: Not Found (HTTP 404)
[18:56:46] gh api failed: Delete screenshots/0215_1779735292439414_auto.png (attempt 5/20): gh: Not Found (HTTP 404)
[18:56:46] Sender published response comment.
[18:56:47] gh api failed: Delete screenshots/0215_1779735292439414_auto.png (attempt 6/20): gh: Not Found (HTTP 404)
[18:56:49] gh api failed: Delete screenshots/0215_1779735292439414_auto.png (attempt 7/20): gh: Not Found (HTTP 404)
[18:56:50] gh api failed: Delete screenshots/0215_1779735292439414_auto.png (attempt 8/20): gh: Not Found (HTTP 404)
[18:56:50] Agent alive
[18:56:51] gh api failed: Delete screenshots/0215_1779735292439414_auto.png (attempt 9/20): gh: Not Found (HTTP 404)
[18:56:52] Sender published response comment.
[18:56:53] gh api failed: Delete screenshots/0215_1779735292439414_auto.png (attempt 10/20): gh: Not Found (HTTP 404)
[18:56:54] gh api failed: Delete screenshots/0215_1779735292439414_auto.png (attempt 11/20): gh: Not Found (HTTP 404)
[18:56:55] gh api failed: Delete screenshots/0215_1779735292439414_auto.png (attempt 12/20): gh: Not Found (HTTP 404)
[18:56:57] gh api failed: Delete screenshots/0215_1779735292439414_auto.png (attempt 13/20): gh: Not Found (HTTP 404)
[18:56:57] Sender published response comment.
[18:56:58] gh api failed: Delete screenshots/0215_1779735292439414_auto.png (attempt 14/20): gh: Not Found (HTTP 404)
[18:56:59] gh api failed: Delete screenshots/0215_1779735292439414_auto.png (attempt 15/20): gh: Not Found (HTTP 404)
[18:57:01] gh api failed: Delete screenshots/0215_1779735292439414_auto.png (attempt 16/20): gh: Not Found (HTTP 404)
[18:57:02] gh api failed: Delete screenshots/0215_1779735292439414_auto.png (attempt 17/20): gh: Not Found (HTTP 404)
[18:57:03] Sender published response comment.
[18:57:04] gh api failed: Delete screenshots/0215_1779735292439414_auto.png (attempt 18/20): gh: Not Found (HTTP 404)
[18:57:05] gh api failed: Delete screenshots/0215_1779735292439414_auto.png (attempt 19/20): gh: Not Found (HTTP 404)
[18:57:06] gh api failed: Delete screenshots/0215_1779735292439414_auto.png (attempt 20/20): gh: Not Found (HTTP 404)
[18:57:08] Sender published response comment.
[18:57:08] Screenshot screenshots/0222_1779735400661702_auto.png uploaded successfully.
[18:57:08] Taking screenshot: screenshots/0223_1779735428999483_auto.png
[18:57:09] Uploading screenshot synchronously: screenshots/0223_1779735428999483_auto.png
[18:57:09] Fetcher detected new App Commands comment.
[18:57:09] Execution loop: processing APP-58585-20260525185521: (0.010000,0.010000)
[18:57:09] Enqueued for execution: APP-58585-20260525185521
[18:57:10] Cursor moved to (19, 9)
[18:57:10] Executed APP-58585-20260525185521 -> OK move(0.0099,0.0091)
[18:57:13] Screenshot screenshots/0223_1779735428999483_auto.png uploaded successfully.
[18:57:13] Sender published response comment.
[18:57:13] Taking screenshot: screenshots/0224_1779735433999654_auto.png
[18:57:14] Uploading screenshot synchronously: screenshots/0224_1779735433999654_auto.png
[18:57:17] Screenshot screenshots/0224_1779735433999654_auto.png uploaded successfully.
[18:57:18] Taking screenshot: screenshots/0225_1779735438999792_auto.png
[18:57:19] Uploading screenshot synchronously: screenshots/0225_1779735438999792_auto.png
[18:57:19] Sender published response comment.
[18:57:20] Agent alive
[18:57:20] New autonomous report: AUT-42-1779735440 -> Available memory: 14328 MB
[18:57:22] Screenshot screenshots/0225_1779735438999792_auto.png uploaded successfully.
[18:57:22] gh api failed: Delete screenshots/0218_1779735307439738_auto.png (attempt 1/20): gh: Not Found (HTTP 404)
[18:57:23] gh api failed: Delete screenshots/0218_1779735307439738_auto.png (attempt 2/20): gh: Not Found (HTTP 404)
[18:57:23] Taking screenshot: screenshots/0226_1779735443999938_auto.png
[18:57:24] Uploading screenshot synchronously: screenshots/0226_1779735443999938_auto.png
[18:57:24] Sender published response comment.
[18:57:25] gh api failed: Delete screenshots/0218_1779735307439738_auto.png (attempt 3/20): gh: Not Found (HTTP 404)
[18:57:26] gh api failed: Delete screenshots/0218_1779735307439738_auto.png (attempt 4/20): gh: Not Found (HTTP 404)
[18:57:27] gh api failed: Delete screenshots/0218_1779735307439738_auto.png (attempt 5/20): gh: Not Found (HTTP 404)
[18:57:29] gh api failed: Delete screenshots/0218_1779735307439738_auto.png (attempt 6/20): gh: Not Found (HTTP 404)
[18:57:30] Sender published response comment.
[18:57:30] gh api failed: Delete screenshots/0218_1779735307439738_auto.png (attempt 7/20): gh: Not Found (HTTP 404)
[18:57:31] Fetcher detected new App Commands comment.
[18:57:31] Acknowledged autonomous report AUT-42-1779735440
[18:57:31] gh api failed: Delete screenshots/0218_1779735307439738_auto.png (attempt 8/20): gh: Not Found (HTTP 404)
[18:57:33] gh api failed: Delete screenshots/0218_1779735307439738_auto.png (attempt 9/20): gh: Not Found (HTTP 404)
[18:57:34] gh api failed: Delete screenshots/0218_1779735307439738_auto.png (attempt 10/20): gh: Not Found (HTTP 404)
[18:57:35] Sender published response comment.
[18:57:35] gh api failed: Delete screenshots/0218_1779735307439738_auto.png (attempt 11/20): gh: Not Found (HTTP 404)
[18:57:37] Fetcher detected new App Commands comment.
[18:57:37] Acknowledged autonomous report AUT-42-1779735440
[18:57:37] Execution loop: processing APP-58587-20260525185548: (0.990000,0.990000)
[18:57:37] Enqueued for execution: APP-58587-20260525185548
[18:57:37] gh api failed: Delete screenshots/0218_1779735307439738_auto.png (attempt 12/20): gh: Not Found (HTTP 404)
[18:57:37] Cursor moved to (1897, 980)
[18:57:37] Executed APP-58587-20260525185548 -> OK move(0.9901,0.9909)
[18:57:38] gh api failed: Delete screenshots/0218_1779735307439738_auto.png (attempt 13/20): gh: Not Found (HTTP 404)
[18:57:39] gh api failed: Delete screenshots/0218_1779735307439738_auto.png (attempt 14/20): gh: Not Found (HTTP 404)
[18:57:41] Sender published response comment.
[18:57:41] gh api failed: Delete screenshots/0218_1779735307439738_auto.png (attempt 15/20): gh: Not Found (HTTP 404)
[18:57:42] gh api failed: Delete screenshots/0218_1779735307439738_auto.png (attempt 16/20): gh: Not Found (HTTP 404)
[18:57:44] gh api failed: Delete screenshots/0218_1779735307439738_auto.png (attempt 17/20): gh: Not Found (HTTP 404)
[18:57:45] gh api failed: Delete screenshots/0218_1779735307439738_auto.png (attempt 18/20): gh: Not Found (HTTP 404)
[18:57:46] Sender published response comment.
[18:57:46] gh api failed: Delete screenshots/0218_1779735307439738_auto.png (attempt 19/20): gh: Not Found (HTTP 404)
[18:57:48] gh api failed: Delete screenshots/0218_1779735307439738_auto.png (attempt 20/20): gh: Not Found (HTTP 404)
[18:57:48] gh api failed: Delete screenshots/0219_1779735360103884_auto.png (attempt 1/20): gh: Not Found (HTTP 404)
[18:57:49] gh api failed: Delete screenshots/0219_1779735360103884_auto.png (attempt 2/20): gh: Not Found (HTTP 404)
[18:57:50] Agent alive
[18:57:51] gh api failed: Delete screenshots/0219_1779735360103884_auto.png (attempt 3/20): gh: Not Found (HTTP 404)
[18:57:52] Sender published response comment.
[18:57:52] gh api failed: Delete screenshots/0219_1779735360103884_auto.png (attempt 4/20): gh: Not Found (HTTP 404)
[18:57:53] Fetcher detected new App Commands comment.
[18:57:53] Acknowledged autonomous report AUT-42-1779735440
[18:57:53] gh api failed: Delete screenshots/0219_1779735360103884_auto.png (attempt 5/20): gh: Not Found (HTTP 404)
[18:57:55] gh api failed: Delete screenshots/0219_1779735360103884_auto.png (attempt 6/20): gh: Not Found (HTTP 404)
[18:57:56] gh api failed: Delete screenshots/0219_1779735360103884_auto.png (attempt 7/20): gh: Not Found (HTTP 404)
[18:57:57] Sender published response comment.
[18:57:57] gh api failed: Delete screenshots/0219_1779735360103884_auto.png (attempt 8/20): gh: Not Found (HTTP 404)
[18:57:59] gh api failed: Delete screenshots/0219_1779735360103884_auto.png (attempt 9/20): gh: Not Found (HTTP 404)
[18:58:00] gh api failed: Delete screenshots/0219_1779735360103884_auto.png (attempt 10/20): gh: Not Found (HTTP 404)
[18:58:01] gh api failed: Delete screenshots/0219_1779735360103884_auto.png (attempt 11/20): gh: Not Found (HTTP 404)
[18:58:02] Sender published response comment.
[18:58:03] gh api failed: Delete screenshots/0219_1779735360103884_auto.png (attempt 12/20): gh: Not Found (HTTP 404)
[18:58:04] gh api failed: Delete screenshots/0219_1779735360103884_auto.png (attempt 13/20): gh: Not Found (HTTP 404)
[18:58:06] gh api failed: Delete screenshots/0219_1779735360103884_auto.png (attempt 14/20): gh: Not Found (HTTP 404)
[18:58:07] gh api failed: Delete screenshots/0219_1779735360103884_auto.png (attempt 15/20): gh: Not Found (HTTP 404)
[18:58:08] Sender published response comment.
[18:58:08] gh api failed: Delete screenshots/0219_1779735360103884_auto.png (attempt 16/20): gh: Not Found (HTTP 404)
[18:58:10] gh api failed: Delete screenshots/0219_1779735360103884_auto.png (attempt 17/20): gh: Not Found (HTTP 404)
[18:58:11] gh api failed: Delete screenshots/0219_1779735360103884_auto.png (attempt 18/20): gh: Not Found (HTTP 404)
[18:58:12] gh api failed: Delete screenshots/0219_1779735360103884_auto.png (attempt 19/20): gh: Not Found (HTTP 404)
[18:58:13] Sender published response comment.
[18:58:14] gh api failed: Delete screenshots/0219_1779735360103884_auto.png (attempt 20/20): gh: Not Found (HTTP 404)
[18:58:16] Screenshot screenshots/0226_1779735443999938_auto.png uploaded successfully.
[18:58:16] Taking screenshot: screenshots/0227_1779735496211581_auto.png
[18:58:16] Uploading screenshot synchronously: screenshots/0227_1779735496211581_auto.png
[18:58:19] Sender published response comment.
[18:58:20] Screenshot screenshots/0227_1779735496211581_auto.png uploaded successfully.
[18:58:20] Agent alive
[18:58:21] gh api failed: Delete screenshots/0221_1779735393412385_auto.png (attempt 1/20): gh: Not Found (HTTP 404)
[18:58:21] Taking screenshot: screenshots/0228_1779735501211755_auto.png
[18:58:21] Uploading screenshot synchronously: screenshots/0228_1779735501211755_auto.png
[18:58:22] gh api failed: Delete screenshots/0221_1779735393412385_auto.png (attempt 2/20): gh: Not Found (HTTP 404)
[18:58:23] gh api failed: Delete screenshots/0221_1779735393412385_auto.png (attempt 3/20): gh: Not Found (HTTP 404)
[18:58:24] Sender published response comment.
[18:58:25] gh api failed: Delete screenshots/0221_1779735393412385_auto.png (attempt 4/20): gh: Not Found (HTTP 404)
[18:58:26] gh api failed: Delete screenshots/0221_1779735393412385_auto.png (attempt 5/20): gh: Not Found (HTTP 404)
[18:58:27] gh api failed: Delete screenshots/0221_1779735393412385_auto.png (attempt 6/20): gh: Not Found (HTTP 404)
[18:58:29] gh api failed: Delete screenshots/0221_1779735393412385_auto.png (attempt 7/20): gh: Not Found (HTTP 404)
[18:58:30] Sender published response comment.
[18:58:30] gh api failed: Delete screenshots/0221_1779735393412385_auto.png (attempt 8/20): gh: Not Found (HTTP 404)
[18:58:31] gh api failed: Delete screenshots/0221_1779735393412385_auto.png (attempt 9/20): gh: Not Found (HTTP 404)
[18:58:33] gh api failed: Delete screenshots/0221_1779735393412385_auto.png (attempt 10/20): gh: Not Found (HTTP 404)
[18:58:34] gh api failed: Delete screenshots/0221_1779735393412385_auto.png (attempt 11/20): gh: Not Found (HTTP 404)
[18:58:35] gh api failed: Delete screenshots/0221_1779735393412385_auto.png (attempt 12/20): gh: Not Found (HTTP 404)
[18:58:36] Sender published response comment.
[18:58:37] gh api failed: Delete screenshots/0221_1779735393412385_auto.png (attempt 13/20): gh: Not Found (HTTP 404)
[18:58:38] gh api failed: Delete screenshots/0221_1779735393412385_auto.png (attempt 14/20): gh: Not Found (HTTP 404)
[18:58:40] gh api failed: Delete screenshots/0221_1779735393412385_auto.png (attempt 15/20): gh: Not Found (HTTP 404)
[18:58:41] gh api failed: Delete screenshots/0221_1779735393412385_auto.png (attempt 16/20): gh: Not Found (HTTP 404)
[18:58:41] Sender published response comment.
[18:58:42] gh api failed: Delete screenshots/0221_1779735393412385_auto.png (attempt 17/20): gh: Not Found (HTTP 404)
[18:58:44] gh api failed: Delete screenshots/0221_1779735393412385_auto.png (attempt 18/20): gh: Not Found (HTTP 404)
[18:58:45] gh api failed: Delete screenshots/0221_1779735393412385_auto.png (attempt 19/20): gh: Not Found (HTTP 404)
[18:58:46] gh api failed: Delete screenshots/0221_1779735393412385_auto.png (attempt 20/20): gh: Not Found (HTTP 404)
[18:58:47] Sender published response comment.
[18:58:49] Screenshot screenshots/0228_1779735501211755_auto.png uploaded successfully.
[18:58:49] Taking screenshot: screenshots/0229_1779735529512457_auto.png
[18:58:49] Uploading screenshot synchronously: screenshots/0229_1779735529512457_auto.png
[18:58:50] Agent alive
[18:58:52] Sender published response comment.
[18:58:55] Screenshot screenshots/0229_1779735529512457_auto.png uploaded successfully.
[18:58:55] Taking screenshot: screenshots/0230_1779735535088944_auto.png
[18:58:55] gh api failed: Delete screenshots/0223_1779735428999483_auto.png (attempt 1/20): gh: Not Found (HTTP 404)
[18:58:55] Uploading screenshot synchronously: screenshots/0230_1779735535088944_auto.png
[18:58:56] gh api failed: Delete screenshots/0223_1779735428999483_auto.png (attempt 2/20): gh: Not Found (HTTP 404)
[18:58:57] Sender published response comment.
[18:58:58] gh api failed: Delete screenshots/0223_1779735428999483_auto.png (attempt 3/20): gh: Not Found (HTTP 404)
[18:58:59] gh api failed: Delete screenshots/0223_1779735428999483_auto.png (attempt 4/20): gh: Not Found (HTTP 404)
[18:59:00] gh api failed: Delete screenshots/0223_1779735428999483_auto.png (attempt 5/20): gh: Not Found (HTTP 404)
[18:59:02] gh api failed: Delete screenshots/0223_1779735428999483_auto.png (attempt 6/20): gh: Not Found (HTTP 404)
[18:59:03] Sender published response comment.
[18:59:03] gh api failed: Delete screenshots/0223_1779735428999483_auto.png (attempt 7/20): gh: Not Found (HTTP 404)
[18:59:04] gh api failed: Delete screenshots/0223_1779735428999483_auto.png (attempt 8/20): gh: Not Found (HTTP 404)
[18:59:06] gh api failed: Delete screenshots/0223_1779735428999483_auto.png (attempt 9/20): gh: Not Found (HTTP 404)
[18:59:07] gh api failed: Delete screenshots/0223_1779735428999483_auto.png (attempt 10/20): gh: Not Found (HTTP 404)
[18:59:08] gh api failed: Delete screenshots/0223_1779735428999483_auto.png (attempt 11/20): gh: Not Found (HTTP 404)
[18:59:09] Sender published response comment.
[18:59:10] gh api failed: Delete screenshots/0223_1779735428999483_auto.png (attempt 12/20): gh: Not Found (HTTP 404)
[18:59:11] gh api failed: Delete screenshots/0223_1779735428999483_auto.png (attempt 13/20): gh: Not Found (HTTP 404)
[18:59:13] gh api failed: Delete screenshots/0223_1779735428999483_auto.png (attempt 14/20): gh: Not Found (HTTP 404)
[18:59:14] gh api failed: Delete screenshots/0223_1779735428999483_auto.png (attempt 15/20): gh: Not Found (HTTP 404)
[18:59:14] Sender published response comment.
[18:59:15] gh api failed: Delete screenshots/0223_1779735428999483_auto.png (attempt 16/20): gh: Not Found (HTTP 404)
[18:59:17] gh api failed: Delete screenshots/0223_1779735428999483_auto.png (attempt 17/20): gh: Not Found (HTTP 404)
[18:59:18] gh api failed: Delete screenshots/0223_1779735428999483_auto.png (attempt 18/20): gh: Not Found (HTTP 404)
[18:59:19] Sender published response comment.
[18:59:20] gh api failed: Delete screenshots/0223_1779735428999483_auto.png (attempt 19/20): gh: Not Found (HTTP 404)
[18:59:20] Agent alive
[18:59:21] New autonomous report: AUT-43-1779735561 -> Available memory: 14368 MB
[18:59:21] gh api failed: Delete screenshots/0223_1779735428999483_auto.png (attempt 20/20): gh: Not Found (HTTP 404)
[18:59:23] Screenshot screenshots/0230_1779735535088944_auto.png uploaded successfully.
[18:59:23] Taking screenshot: screenshots/0231_1779735563398825_auto.png
[18:59:23] Uploading screenshot synchronously: screenshots/0231_1779735563398825_auto.png
[18:59:25] Sender published response comment.
[18:59:28] Screenshot screenshots/0231_1779735563398825_auto.png uploaded successfully.
[18:59:28] Taking screenshot: screenshots/0232_1779735568398965_auto.png
[18:59:28] Uploading screenshot synchronously: screenshots/0232_1779735568398965_auto.png
[18:59:30] Sender published response comment.
[18:59:31] Screenshot screenshots/0232_1779735568398965_auto.png uploaded successfully.
[18:59:33] Taking screenshot: screenshots/0233_1779735573399100_auto.png
[18:59:33] Uploading screenshot synchronously: screenshots/0233_1779735573399100_auto.png
[18:59:36] Screenshot screenshots/0233_1779735573399100_auto.png uploaded successfully.
[18:59:36] Sender published response comment.
[18:59:38] Taking screenshot: screenshots/0234_1779735578399198_auto.png
[18:59:38] Uploading screenshot synchronously: screenshots/0234_1779735578399198_auto.png
[18:59:41] Sender published response comment.
[18:59:42] Screenshot screenshots/0234_1779735578399198_auto.png uploaded successfully.
[18:59:43] Taking screenshot: screenshots/0235_1779735583399314_auto.png
[18:59:43] Uploading screenshot synchronously: screenshots/0235_1779735583399314_auto.png
[18:59:47] Sender published response comment.
[18:59:47] Screenshot screenshots/0235_1779735583399314_auto.png uploaded successfully.
[18:59:48] Taking screenshot: screenshots/0236_1779735588399455_auto.png
[18:59:48] Uploading screenshot synchronously: screenshots/0236_1779735588399455_auto.png
[18:59:50] Agent alive
[18:59:52] Screenshot screenshots/0236_1779735588399455_auto.png uploaded successfully.
[18:59:52] Sender published response comment.
[18:59:53] Taking screenshot: screenshots/0237_1779735593399549_auto.png
[18:59:53] Uploading screenshot synchronously: screenshots/0237_1779735593399549_auto.png
[18:59:57] Screenshot screenshots/0237_1779735593399549_auto.png uploaded successfully.
[18:59:57] Sender published response comment.
[18:59:58] Taking screenshot: screenshots/0238_1779735598399654_auto.png
[18:59:58] Uploading screenshot synchronously: screenshots/0238_1779735598399654_auto.png
[19:00:01] Screenshot screenshots/0238_1779735598399654_auto.png uploaded successfully.
[19:00:03] Sender published response comment.
[19:00:03] Taking screenshot: screenshots/0239_1779735603399764_auto.png
[19:00:03] Uploading screenshot synchronously: screenshots/0239_1779735603399764_auto.png
[19:00:07] Screenshot screenshots/0239_1779735603399764_auto.png uploaded successfully.
[19:00:08] Taking screenshot: screenshots/0240_1779735608399898_auto.png
[19:00:08] Sender published response comment.
[19:00:08] Uploading screenshot synchronously: screenshots/0240_1779735608399898_auto.png
[19:00:11] Screenshot screenshots/0240_1779735608399898_auto.png uploaded successfully.
[19:00:13] Taking screenshot: screenshots/0241_1779735613400035_auto.png
[19:00:13] Uploading screenshot synchronously: screenshots/0241_1779735613400035_auto.png
[19:00:14] Sender published response comment.
[19:00:16] Screenshot screenshots/0241_1779735613400035_auto.png uploaded successfully.
[19:00:18] Taking screenshot: screenshots/0242_1779735618400143_auto.png
[19:00:18] Uploading screenshot synchronously: screenshots/0242_1779735618400143_auto.png
[19:00:19] Sender published response comment.
[19:00:20] Agent alive
[19:00:22] Screenshot screenshots/0242_1779735618400143_auto.png uploaded successfully.
[19:00:23] Taking screenshot: screenshots/0243_1779735623400258_auto.png
[19:00:23] Uploading screenshot synchronously: screenshots/0243_1779735623400258_auto.png
[19:00:25] Sender published response comment.
[19:00:28] Screenshot screenshots/0243_1779735623400258_auto.png uploaded successfully.
[19:00:28] Taking screenshot: screenshots/0244_1779735628400426_auto.png
[19:00:28] Uploading screenshot synchronously: screenshots/0244_1779735628400426_auto.png
[19:00:30] Sender published response comment.
[19:00:31] Screenshot screenshots/0244_1779735628400426_auto.png uploaded successfully.
[19:00:33] Taking screenshot: screenshots/0245_1779735633400536_auto.png
[19:00:33] Uploading screenshot synchronously: screenshots/0245_1779735633400536_auto.png
[19:00:35] Screenshot screenshots/0245_1779735633400536_auto.png uploaded successfully.
[19:00:36] Sender published response comment.
[19:00:38] Taking screenshot: screenshots/0246_1779735638400689_auto.png
[19:00:38] Uploading screenshot synchronously: screenshots/0246_1779735638400689_auto.png
[19:00:41] Sender published response comment.
[19:00:42] Screenshot screenshots/0246_1779735638400689_auto.png uploaded successfully.
[19:00:43] Taking screenshot: screenshots/0247_1779735643400805_auto.png
[19:00:43] Uploading screenshot synchronously: screenshots/0247_1779735643400805_auto.png
[19:00:46] Sender published response comment.
[19:00:48] Screenshot screenshots/0247_1779735643400805_auto.png uploaded successfully.
[19:00:48] Taking screenshot: screenshots/0248_1779735648400903_auto.png
[19:00:48] Uploading screenshot synchronously: screenshots/0248_1779735648400903_auto.png
[19:00:50] Agent alive
[19:00:52] Sender published response comment.
[19:00:52] Screenshot screenshots/0248_1779735648400903_auto.png uploaded successfully.
[19:00:53] Taking screenshot: screenshots/0249_1779735653401088_auto.png
[19:00:53] Uploading screenshot synchronously: screenshots/0249_1779735653401088_auto.png
[19:00:57] Screenshot screenshots/0249_1779735653401088_auto.png uploaded successfully.
[19:00:58] Sender published response comment.
[19:00:58] Taking screenshot: screenshots/0250_1779735658401204_auto.png
[19:00:58] Uploading screenshot synchronously: screenshots/0250_1779735658401204_auto.png
[19:01:02] Screenshot screenshots/0250_1779735658401204_auto.png uploaded successfully.
[19:01:03] Taking screenshot: screenshots/0251_1779735663401375_auto.png
[19:01:03] Sender published response comment.
[19:01:03] Uploading screenshot synchronously: screenshots/0251_1779735663401375_auto.png
[19:01:06] Screenshot screenshots/0251_1779735663401375_auto.png uploaded successfully.
[19:01:08] Taking screenshot: screenshots/0252_1779735668401485_auto.png
[19:01:08] Uploading screenshot synchronously: screenshots/0252_1779735668401485_auto.png
[19:01:09] Sender published response comment.
[19:01:11] Screenshot screenshots/0252_1779735668401485_auto.png uploaded successfully.
[19:01:13] Taking screenshot: screenshots/0253_1779735673401575_auto.png
[19:01:13] Uploading screenshot synchronously: screenshots/0253_1779735673401575_auto.png
[19:01:14] Sender published response comment.
[19:01:17] Screenshot screenshots/0253_1779735673401575_auto.png uploaded successfully.
[19:01:18] Taking screenshot: screenshots/0254_1779735678401693_auto.png
[19:01:18] Uploading screenshot synchronously: screenshots/0254_1779735678401693_auto.png
[19:01:19] Sender published response comment.
[19:01:20] Agent alive
[19:01:20] New autonomous report: AUT-44-1779735680 -> Available memory: 14346 MB
[19:01:21] Screenshot screenshots/0254_1779735678401693_auto.png uploaded successfully.
[19:01:23] Taking screenshot: screenshots/0255_1779735683401807_auto.png
[19:01:23] Uploading screenshot synchronously: screenshots/0255_1779735683401807_auto.png
[19:01:25] Sender published response comment.
[19:01:26] Screenshot screenshots/0255_1779735683401807_auto.png uploaded successfully.
[19:01:28] Taking screenshot: screenshots/0256_1779735688401881_auto.png
[19:01:28] Uploading screenshot synchronously: screenshots/0256_1779735688401881_auto.png
[19:01:30] Sender published response comment.
[19:01:32] Screenshot screenshots/0256_1779735688401881_auto.png uploaded successfully.
[19:01:33] Taking screenshot: screenshots/0257_1779735693402042_auto.png
[19:01:33] Uploading screenshot synchronously: screenshots/0257_1779735693402042_auto.png
[19:01:36] Screenshot screenshots/0257_1779735693402042_auto.png uploaded successfully.
[19:01:36] Sender published response comment.
[19:01:38] Taking screenshot: screenshots/0258_1779735698402145_auto.png
[19:01:38] Uploading screenshot synchronously: screenshots/0258_1779735698402145_auto.png
[19:01:41] Sender published response comment.
[19:01:43] Screenshot screenshots/0258_1779735698402145_auto.png uploaded successfully.
[19:01:43] Taking screenshot: screenshots/0259_1779735703837522_auto.png
[19:01:44] Uploading screenshot synchronously: screenshots/0259_1779735703837522_auto.png
[19:01:47] Sender published response comment.
[19:01:49] Screenshot screenshots/0259_1779735703837522_auto.png uploaded successfully.
[19:01:49] Taking screenshot: screenshots/0260_1779735709173419_auto.png
[19:01:49] Uploading screenshot synchronously: screenshots/0260_1779735709173419_auto.png
[19:01:50] Agent alive
[19:01:53] Sender published response comment.
[19:01:54] Screenshot screenshots/0260_1779735709173419_auto.png uploaded successfully.
[19:01:54] Taking screenshot: screenshots/0261_1779735714223395_auto.png
[19:01:54] Uploading screenshot synchronously: screenshots/0261_1779735714223395_auto.png
[19:01:58] Sender published response comment.
[19:01:59] Screenshot screenshots/0261_1779735714223395_auto.png uploaded successfully.
[19:01:59] Taking screenshot: screenshots/0262_1779735719593743_auto.png
[19:02:00] Uploading screenshot synchronously: screenshots/0262_1779735719593743_auto.png
[19:02:04] Sender published response comment.
[19:02:06] Screenshot screenshots/0262_1779735719593743_auto.png uploaded successfully.
[19:02:06] Taking screenshot: screenshots/0263_1779735726425654_auto.png
[19:02:06] Uploading screenshot synchronously: screenshots/0263_1779735726425654_auto.png
[19:02:09] Sender published response comment.
[19:02:11] Screenshot screenshots/0263_1779735726425654_auto.png uploaded successfully.
[19:02:11] Taking screenshot: screenshots/0264_1779735731425757_auto.png
[19:02:11] Uploading screenshot synchronously: screenshots/0264_1779735731425757_auto.png
[19:02:15] Sender published response comment.
[19:02:15] Screenshot screenshots/0264_1779735731425757_auto.png uploaded successfully.
[19:02:16] Taking screenshot: screenshots/0265_1779735736425845_auto.png
[19:02:16] Uploading screenshot synchronously: screenshots/0265_1779735736425845_auto.png
[19:02:20] Sender published response comment.
[19:02:20] Screenshot screenshots/0265_1779735736425845_auto.png uploaded successfully.
[19:02:20] Agent alive
[19:02:21] Taking screenshot: screenshots/0266_1779735741425957_auto.png
[19:02:21] Uploading screenshot synchronously: screenshots/0266_1779735741425957_auto.png
[19:02:26] Sender published response comment.
[19:02:26] Screenshot screenshots/0266_1779735741425957_auto.png uploaded successfully.
[19:02:26] Taking screenshot: screenshots/0267_1779735746426080_auto.png
[19:02:26] Uploading screenshot synchronously: screenshots/0267_1779735746426080_auto.png
[19:02:31] Screenshot screenshots/0267_1779735746426080_auto.png uploaded successfully.
[19:02:31] Taking screenshot: screenshots/0268_1779735751658063_auto.png
[19:02:31] Sender published response comment.
[19:02:32] Uploading screenshot synchronously: screenshots/0268_1779735751658063_auto.png
[19:02:37] Sender published response comment.
[19:02:38] Screenshot screenshots/0268_1779735751658063_auto.png uploaded successfully.
[19:02:38] Taking screenshot: screenshots/0269_1779735758021325_auto.png
[19:02:38] Uploading screenshot synchronously: screenshots/0269_1779735758021325_auto.png
[19:02:43] Sender published response comment.
[19:02:43] Screenshot screenshots/0269_1779735758021325_auto.png uploaded successfully.
[19:02:43] Taking screenshot: screenshots/0270_1779735763202674_auto.png
[19:02:43] Uploading screenshot synchronously: screenshots/0270_1779735763202674_auto.png
[19:02:46] Screenshot screenshots/0270_1779735763202674_auto.png uploaded successfully.
[19:02:48] Taking screenshot: screenshots/0271_1779735768202790_auto.png
[19:02:48] Uploading screenshot synchronously: screenshots/0271_1779735768202790_auto.png
[19:02:48] Sender published response comment.
[19:02:50] Agent alive
[19:02:51] Screenshot screenshots/0271_1779735768202790_auto.png uploaded successfully.
[19:02:53] Taking screenshot: screenshots/0272_1779735773202929_auto.png
[19:02:53] Uploading screenshot synchronously: screenshots/0272_1779735773202929_auto.png
[19:02:54] Sender published response comment.
[19:02:55] Fetcher detected new App Commands comment.
[19:02:55] Execution loop: processing APP-58595-20260525190100: tabnumber:0
[19:02:55] Enqueued for execution: APP-58595-20260525190100
[19:02:55] Enqueued for execution: APP-58596-20260525190101
[19:02:55] Enqueued for execution: APP-58597-20260525190101
[19:02:55] Acknowledged autonomous report AUT-44-1779735680
[19:02:55] Acknowledged autonomous report AUT-43-1779735561
[19:02:55] Acknowledged autonomous report AUT-39-1779735200
[19:02:55] New autonomous report: AUT-45-1779735775 -> Tabs: 1: Channel dashboard - YouTube Studio
[19:02:55] Executed APP-58595-20260525190100 -> ERR: invalid tab number
[19:02:55] Execution loop: processing APP-58596-20260525190101: tabs
[19:02:55] New autonomous report: AUT-46-1779735775 -> Tabs: 1: Channel dashboard - YouTube Studio
[19:02:55] Executed APP-58596-20260525190101 -> Tabs: 1: Channel dashboard - YouTube Studio
[19:02:55] Execution loop: processing APP-58597-20260525190101: dir
[19:02:55] Executed APP-58597-20260525190101 -> Files: (empty)
[19:02:55] Screenshot screenshots/0272_1779735773202929_auto.png uploaded successfully.
[19:02:58] Taking screenshot: screenshots/0273_1779735778203031_auto.png
[19:02:58] Uploading screenshot synchronously: screenshots/0273_1779735778203031_auto.png
[19:02:59] Sender published response comment.
[19:03:01] Fetcher detected new App Commands comment.
[19:03:01] Enqueued for execution: APP-58601-20260525190112
[19:03:01] Execution loop: processing APP-58601-20260525190112: (0.010000,0.010000)
[19:03:01] Cursor moved to (19, 9)
[19:03:01] Executed APP-58601-20260525190112 -> OK move(0.0099,0.0091)
[19:03:01] Screenshot screenshots/0273_1779735778203031_auto.png uploaded successfully.
[19:03:03] Taking screenshot: screenshots/0274_1779735783203167_auto.png
[19:03:03] Uploading screenshot synchronously: screenshots/0274_1779735783203167_auto.png
[19:03:05] Sender published response comment.
[19:03:06] Fetcher detected new App Commands comment.
[19:03:06] Re‑enqueued existing report for APP-58601-20260525190112
[19:03:06] Acknowledged autonomous report AUT-46-1779735775
[19:03:06] Acknowledged autonomous report AUT-45-1779735775
[19:03:06] Screenshot screenshots/0274_1779735783203167_auto.png uploaded successfully.
[19:03:08] Taking screenshot: screenshots/0275_1779735788203301_auto.png
[19:03:08] Uploading screenshot synchronously: screenshots/0275_1779735788203301_auto.png
[19:03:09] gh api failed: Upload logs/command_mouse_keyboard.log (226478 bytes) (attempt 1/20): gh: is at 44907c39bb98b2e347e18472da595660a0e3ecd7 but expected 79f004352b2903c7faec6786213667ddeea3d176 (HTTP 409)
[19:03:10] Sender published response comment.
[19:03:12] Fetcher detected new App Commands comment.
[19:03:12] Acknowledged autonomous report AUT-46-1779735775
[19:03:12] Acknowledged autonomous report AUT-45-1779735775
[19:03:12] Enqueued for execution: APP-58604-20260525190128
[19:03:12] Execution loop: processing APP-58604-20260525190128: (0.990000,0.990000)
[19:03:12] Cursor moved to (1897, 980)
[19:03:12] Executed APP-58604-20260525190128 -> OK move(0.9901,0.9909)
[19:03:14] Screenshot screenshots/0275_1779735788203301_auto.png uploaded successfully.
[19:03:14] Taking screenshot: screenshots/0276_1779735794463037_auto.png
[19:03:14] Uploading screenshot synchronously: screenshots/0276_1779735794463037_auto.png
[19:03:16] Sender published response comment.
[19:03:19] gh api failed: Upload screenshots/0276_1779735794463037_auto.png (352564 bytes) (attempt 1/20): gh: is at 0e6bdc656dfb34c465243f2f2fb3069e75ef7e52 but expected a151716c8c41dfc5ecd8adef3ef9c7522dedad42 (HTTP 409)
[19:03:20] Agent alive
[19:03:20] New autonomous report: AUT-47-1779735800 -> Available memory: 14349 MB
[19:03:21] Sender published response comment.
[19:03:22] Screenshot screenshots/0276_1779735794463037_auto.png uploaded successfully.
[19:03:22] Taking screenshot: screenshots/0277_1779735802339781_auto.png
[19:03:22] gh api failed: Delete screenshots/0270_1779735763202674_auto.png (attempt 1/20): gh: Not Found (HTTP 404)
[19:03:22] Uploading screenshot synchronously: screenshots/0277_1779735802339781_auto.png
[19:03:23] Fetcher detected new App Commands comment.
[19:03:23] Acknowledged autonomous report AUT-46-1779735775
[19:03:23] Acknowledged autonomous report AUT-45-1779735775
[19:03:24] gh api failed: Delete screenshots/0270_1779735763202674_auto.png (attempt 2/20): gh: Not Found (HTTP 404)
[19:03:25] gh api failed: Delete screenshots/0270_1779735763202674_auto.png (attempt 3/20): gh: Not Found (HTTP 404)
[19:03:26] gh api failed: Delete screenshots/0270_1779735763202674_auto.png (attempt 4/20): gh: Not Found (HTTP 404)
[19:03:27] Sender published response comment.
[19:03:28] gh api failed: Delete screenshots/0270_1779735763202674_auto.png (attempt 5/20): gh: Not Found (HTTP 404)
[19:03:28] Fetcher detected new App Commands comment.
[19:03:28] Acknowledged autonomous report AUT-46-1779735775
[19:03:28] Acknowledged autonomous report AUT-45-1779735775
[19:03:28] Acknowledged autonomous report AUT-47-1779735800
[19:03:29] gh api failed: Delete screenshots/0270_1779735763202674_auto.png (attempt 6/20): gh: Not Found (HTTP 404)
[19:03:31] gh api failed: Delete screenshots/0270_1779735763202674_auto.png (attempt 7/20): gh: Not Found (HTTP 404)
[19:03:32] gh api failed: Delete screenshots/0270_1779735763202674_auto.png (attempt 8/20): gh: Not Found (HTTP 404)
[19:03:33] gh api failed: Delete screenshots/0270_1779735763202674_auto.png (attempt 9/20): gh: Not Found (HTTP 404)
[19:03:35] gh api failed: Delete screenshots/0270_1779735763202674_auto.png (attempt 10/20): gh: Not Found (HTTP 404)
[19:03:36] gh api failed: Delete screenshots/0270_1779735763202674_auto.png (attempt 11/20): gh: Not Found (HTTP 404)
[19:03:37] gh api failed: Delete screenshots/0270_1779735763202674_auto.png (attempt 12/20): gh: Not Found (HTTP 404)
[19:03:39] gh api failed: Delete screenshots/0270_1779735763202674_auto.png (attempt 13/20): gh: Not Found (HTTP 404)
[19:03:40] gh api failed: Delete screenshots/0270_1779735763202674_auto.png (attempt 14/20): gh: Not Found (HTTP 404)
[19:03:41] gh api failed: Delete screenshots/0270_1779735763202674_auto.png (attempt 15/20): gh: Not Found (HTTP 404)
[19:03:43] gh api failed: Delete screenshots/0270_1779735763202674_auto.png (attempt 16/20): gh: Not Found (HTTP 404)
[19:03:44] gh api failed: Delete screenshots/0270_1779735763202674_auto.png (attempt 17/20): gh: Not Found (HTTP 404)
[19:03:46] gh api failed: Delete screenshots/0270_1779735763202674_auto.png (attempt 18/20): gh: Not Found (HTTP 404)
[19:03:47] gh api failed: Delete screenshots/0270_1779735763202674_auto.png (attempt 19/20): gh: Not Found (HTTP 404)
[19:03:48] gh api failed: Delete screenshots/0270_1779735763202674_auto.png (attempt 20/20): gh: Not Found (HTTP 404)
[19:03:50] Screenshot screenshots/0277_1779735802339781_auto.png uploaded successfully.
[19:03:50] Taking screenshot: screenshots/0278_1779735830916174_auto.png
[19:03:50] Agent alive
[19:03:51] Uploading screenshot synchronously: screenshots/0278_1779735830916174_auto.png
